Comunidad Autónoma,Provincia,Demarcación,Ámbito de Cobertura,Canal,Frecuencia (MHz)
Andalucía,Almería,ALMERÍA,"Almería, Huércal de Almería, Viator, Pechina, Benahadux, Gádor y Rioja","27, 30, 31, 34, 36, 38, 41, 44, 47","522 MHz, 546 MHz, 554 MHz, 578 MHz, 594 MHz, 610 MHz, 634 MHz, 658 MHz, 682 MHz"
Andalucía,Almería,Albox,"Albox, Olula del Río, Macael, Tíjola, Cantoria, Fines, Purchena, Lúcar, Somontín, Partaloa, Urrácal, Armuña de Almanzora y Suflí","22, 28, 30, 32, 35, 41, 44, 46, 47","482 MHz, 530 MHz, 546 MHz, 562 MHz, 586 MHz, 634 MHz, 658 MHz, 674 MHz, 682 MHz"
Andalucía,Almería,El Ejido,"El Ejido, Roquetas de Mar, Adra, Vícar, Berja, La Mojonera y Dalías","27, 30, 31, 36, 38, 41, 44, 45, 47","522 MHz, 546 MHz, 554 MHz, 594 MHz, 610 MHz, 634 MHz, 658 MHz, 666 MHz, 682 MHz"
Andalucía,Almería,Huércal-Overa,"Huércal-Overa, Cuevas del Almanzora, Vera, Pulpí, Garrucha, Mojácar, Antas, Turre, Los Gallardos, Zurgena, y Arboleas","22, 24, 30, 32, 35, 41, 44, 46, 47","482 MHz, 498 MHz, 546 MHz, 562 MHz, 586 MHz, 634 MHz, 658 MHz, 674 MHz, 682 MHz"
Andalucía,Almería,Níjar,Níjar y Carboneras,"27, 28, 30, 31, 36, 38, 41, 44, 47","522 MHz, 530 MHz, 546 MHz, 554 MHz, 594 MHz, 610 MHz, 634 MHz, 658 MHz, 682 MHz"
Andalucía,Cádiz,CÁDIZ,"Cádiz, San Fernando, Puerto de Santa María y Puerto Real","21, 22, 25, 32, 33, 38, 39, 42, 46","474 MHz, 482 MHz, 506 MHz, 562 MHz, 570 MHz, 610 MHz, 618 MHz, 642 MHz, 674 MHz"
Andalucía,Cádiz,Algeciras,"Algeciras, Línea de la Concepción, San Roque, Barrios, Tarifa, Jimena de la Frontera y Castellar de la Frontera","21, 22, 25, 27, 28, 32, 43, 45, 46","474 MHz, 482 MHz, 506 MHz, 522 MHz, 530 MHz, 562 MHz, 650 MHz, 666 MHz, 674 MHz"
Andalucía,Cádiz,Arcos de la Frontera,"Arcos de la Frontera, Villamartín, Bornos, San José del Valle espera y Algar","21, 22, 25, 32, 33, 39, 42, 46, 47","474 MHz, 482 MHz, 506 MHz, 562 MHz, 570 MHz, 618 MHz, 642 MHz, 674 MHz, 682 MHz"
Andalucía,Cádiz,Chiclana de la Frontera,"Chiclana de la Frontera, Barbate, Conil de la Frontera y Vejer de la Frontera","21, 22, 25, 32, 33, 39, 42, 43, 46","474 MHz, 482 MHz, 506 MHz, 562 MHz, 570 MHz, 618 MHz, 642 MHz, 650 MHz, 674 MHz"
Andalucía,Cádiz,Jerez de la Frontera,"Jerez de la Frontera, Sanlúcar de Barrameda, Rota, Chipiona y Trebujena","21, 22, 25, 30, 32, 33, 39, 42, 46","474 MHz, 482 MHz, 506 MHz, 546 MHz, 562 MHz, 570 MHz, 618 MHz, 642 MHz, 674 MHz"
Andalucía,Cádiz,Medina Sidonia,"Medina-Sidonia, Benalup-Casa Viejas, Alcalá de los Gazules y Paterna de Rivera","21, 22, 25, 32, 33, 36, 39, 42, 46","474 MHz, 482 MHz, 506 MHz, 562 MHz, 570 MHz, 594 MHz, 618 MHz, 642 MHz, 674 MHz"
Andalucía,Cádiz,Olvera,"Olvera, Algodonales, Alcalá del Valle, Setenil de las Bodegas, Gastor, Zahara y Torre Alháquime","22, 27, 35, 37, 38, 41, 44, 45, 48","482 MHz, 522 MHz, 586 MHz, 602 MHz, 610 MHz, 634 MHz, 658 MHz, 666 MHz, 690 MHz"
Andalucía,Cádiz,Ubrique,"Ubrique, Prado del Rey, Grazalema, Bosque y Benaocaz","21, 22, 25, 26, 32, 33, 39, 42, 46","474 MHz, 482 MHz, 506 MHz, 514 MHz, 562 MHz, 570 MHz, 618 MHz, 642 MHz, 674 MHz"
Andalucía,Córdoba,CÓRDOBA,Córdoba,"21, 22, 23, 27, 29, 34, 36, 46, 47","474 MHz, 482 MHz, 490 MHz, 522 MHz, 538 MHz, 578 MHz, 594 MHz, 674 MHz, 682 MHz"
Andalucía,Córdoba,Baena,"Baena, Nueva Carteya, Doña Mencía y Luque","21, 22, 23, 27, 29, 36, 38, 46, 47","474 MHz, 482 MHz, 490 MHz, 522 MHz, 538 MHz, 594 MHz, 610 MHz, 674 MHz, 682 MHz"
Andalucía,Córdoba,Hinojosa del Duque,"Hinojosa del Duque, Belalcázar, Viso, Villanueva del Duque, Villaralto, Santa Eufemia y Fuente la Lancha","21, 29, 31, 34, 36, 37, 41, 44, 48","474 MHz, 538 MHz, 554 MHz, 578 MHz, 594 MHz, 602 MHz, 634 MHz, 658 MHz, 690 MHz"
Andalucía,Córdoba,Lucena,"Lucena, Cabra, Benamejí encinas Reales y Palenciana","21, 22, 23, 27, 29, 36, 40, 46, 47","474 MHz, 482 MHz, 490 MHz, 522 MHz, 538 MHz, 594 MHz, 626 MHz, 674 MHz, 682 MHz"
Andalucía,Córdoba,Montilla,"Montilla, Fernán-Núñez, Castro del Río, Rambla, Santaella, Montalbán de Córdoba espejo, Montemayor y San Sebastián de los Ballesteros","21, 22, 23, 27, 29, 33, 36, 46, 47","474 MHz, 482 MHz, 490 MHz, 522 MHz, 538 MHz, 570 MHz, 594 MHz, 674 MHz, 682 MHz"
Andalucía,Córdoba,Montoro,"Montoro, Bujalance, Villa del Río, Carpio, Adamuz, Villafranca de Córdoba, Cañete de las Torres y Pedro Abad","21, 22, 23, 27, 29, 36, 46, 47, 48","474 MHz, 482 MHz, 490 MHz, 522 MHz, 538 MHz, 594 MHz, 674 MHz, 682 MHz, 690 MHz"
Andalucía,Córdoba,Palma del Río,"Palma del Río, Carlota, Fuente Palmera, Almodóvar del Río, Posadas, Hornachuelos, Guadalcázar y Victoria","21, 22, 23, 27, 29, 31, 36, 46, 47","474 MHz, 482 MHz, 490 MHz, 522 MHz, 538 MHz, 554 MHz, 594 MHz, 674 MHz, 682 MHz"
Andalucía,Córdoba,Peñarroya-Pueblonuevo,"Peñarroya-Pueblonuevo, Fuente Obejuna, Belmez espiel y Villanueva del Rey","21, 29, 31, 34, 37, 38, 41, 44, 48","474 MHz, 538 MHz, 554 MHz, 578 MHz, 602 MHz, 610 MHz, 634 MHz, 658 MHz, 690 MHz"
Andalucía,Córdoba,Pozoblanco,"Pozoblanco, Villanueva de Córdoba, Dos Torres, Pedroche, Añora, Alcaracejos y Torrecampo","21, 29, 31, 33, 34, 37, 41, 44, 48","474 MHz, 538 MHz, 554 MHz, 570 MHz, 578 MHz, 602 MHz, 634 MHz, 658 MHz, 690 MHz"
Andalucía,Córdoba,Priego de Córdoba,"Priego de Córdoba, Rute, Iznájar, Carcabuey y Almedinilla","22, 25, 26, 29, 30, 33, 41, 44, 47","482 MHz, 506 MHz, 514 MHz, 538 MHz, 546 MHz, 570 MHz, 634 MHz, 658 MHz, 682 MHz"
Andalucía,Córdoba,Puente Genil,"Puente Genil, Aguilar de la Frontera, Moriles y Monturque","21, 22, 23, 27, 29, 32, 36, 46, 47","474 MHz, 482 MHz, 490 MHz, 522 MHz, 538 MHz, 562 MHz, 594 MHz, 674 MHz, 682 MHz"
Andalucía,Granada,GRANADA,"Granada, Armilla, Maracena, Zubia, Albolote, Gabias, Santa Fe, Atarfe, Pinos Puente, Ogíjares, Churriana de la Vega, Huétor Vega, Peligros, Illora, Vegas del Genil, Cúllar Vega, Cenes de la Vega, Gójar, Chauchina, Fuente Vaqueros, Láchar y Cijuela","22, 25, 26, 29, 30, 33, 41, 43, 47","482 MHz, 506 MHz, 514 MHz, 538 MHz, 546 MHz, 570 MHz, 634 MHz, 650 MHz, 682 MHz"
Andalucía,Granada,Almuñécar,"Almuñécar, Salobreña, Molvízar, Otívar, Itrabo y Jete","23, 29, 31, 33, 36, 37, 38, 41, 44","490 MHz, 538 MHz, 554 MHz, 570 MHz, 594 MHz, 602 MHz, 610 MHz, 634 MHz, 658 MHz"
Andalucía,Granada,Baza,"Baza, Cúllar, Caniles, Zújar, Cortes de Baza, Benamaurel y Cuevas del Campo","22, 23, 25, 27, 31, 33, 40, 41, 43","482 MHz, 490 MHz, 506 MHz, 522 MHz, 554 MHz, 570 MHz, 626 MHz, 634 MHz, 650 MHz"
Andalucía,Granada,Guadix,"Guadix, Benalúa, Purullena, Darro, Peza, Fonelas y Cortes y Graena","22, 25, 26, 32, 35, 37, 39, 42, 45","482 MHz, 506 MHz, 514 MHz, 562 MHz, 586 MHz, 602 MHz, 618 MHz, 642 MHz, 666 MHz"
Andalucía,Granada,Huéscar,"Huéscar, Castril, Puebla de Don Fadrique, Castilléjar, Orce y Galera","22, 23, 25, 30, 31, 33, 40, 41, 43","482 MHz, 490 MHz, 506 MHz, 546 MHz, 554 MHz, 570 MHz, 626 MHz, 634 MHz, 650 MHz"
Andalucía,Granada,Iznalloz,"Iznalloz, Montejícar, Guadahortuna, Píñar y Torre-Cardela","22, 25, 26, 32, 35, 39, 42, 44, 45","482 MHz, 506 MHz, 514 MHz, 562 MHz, 586 MHz, 618 MHz, 642 MHz, 658 MHz, 666 MHz"
Andalucía,Granada,Loja,"Loja, Huétor Tájar, Salar, Villanueva Mesía y Zagra","22, 25, 26, 28, 29, 30, 33, 41, 47","482 MHz, 506 MHz, 514 MHz, 530 MHz, 538 MHz, 546 MHz, 570 MHz, 634 MHz, 682 MHz"
Andalucía,Granada,Motril,"Motril, Albuñol, Órgiva, Lanjarón, Gualchos, Vélez de Benaudalla, Polopos, Sorvilán, Lújar y Rubite","23, 25, 29, 31, 33, 36, 38, 41, 44","490 MHz, 506 MHz, 538 MHz, 554 MHz, 570 MHz, 594 MHz, 610 MHz, 634 MHz, 658 MHz"
Andalucía,Huelva,HUELVA,"Moguer, Palos de la Frontera, Trigueros, San Juan del Puerto y Beas","23, 26, 27, 31, 35, 40, 41, 45, 48","490 MHz, 514 MHz, 522 MHz, 554 MHz, 586 MHz, 626 MHz, 634 MHz, 666 MHz, 690 MHz"
Andalucía,Huelva,Almonte,"Almonte, Bollullos Par del Condado, Palma del Condado, Rociana del Condado, Bonares, Niebla, Hinojos, Villalba del Alcor, Manzanilla, Villarrasa, Lucena del Puerto y Chucena","22, 25, 26, 28, 31, 35, 39, 45, 48","482 MHz, 506 MHz, 514 MHz, 530 MHz, 554 MHz, 586 MHz, 618 MHz, 666 MHz, 690 MHz"
Andalucía,Huelva,Aracena,"Aracena, Cortegana, Jabugo y Almonaster la Real","25, 28, 29, 32, 33, 34, 40, 42, 44","506 MHz, 530 MHz, 538 MHz, 562 MHz, 570 MHz, 578 MHz, 626 MHz, 642 MHz, 658 MHz"
Andalucía,Huelva,Lepe,"Lepe, Isla Cristina, Ayamonte, Cartaya, Aljaraque, Punta Umbría, Gibraleón y Villablanca","26, 27, 31, 35, 40, 41, 43, 45, 48","514 MHz, 522 MHz, 554 MHz, 586 MHz, 626 MHz, 634 MHz, 650 MHz, 666 MHz, 690 MHz"
Andalucía,Jaén,JAÉN,"Jaén, Martos, Torredonjimeno, Torre del Campo, Mancha Real, Villares, Jamilena, Fuensanta de Martos, Pegalajar, Guardia de Jaén y Fuerte del Rey","22, 25, 26, 31, 32, 35, 39, 42, 45","482 MHz, 506 MHz, 514 MHz, 554 MHz, 562 MHz, 586 MHz, 618 MHz, 642 MHz, 666 MHz"
Andalucía,Jaén,Alcalá la Real,"Alcalá la Real, Alcaudete, Castillo de Locubín y Frailes","22, 25, 26, 29, 30, 33, 37, 41, 47","482 MHz, 506 MHz, 514 MHz, 538 MHz, 546 MHz, 570 MHz, 602 MHz, 634 MHz, 682 MHz"
Andalucía,Jaén,Andújar,"Andújar, Marmolejo, Porcuna, Arjona, Lopera, Arjonilla, Villanueva de la Reina, Lahiguera, Villardompardo Escañuela, Santiago de Calatrava, Cazalilla Espelúy e Higuera de Calatrava","22, 25, 26, 32, 35, 39, 40, 42, 45","482 MHz, 506 MHz, 514 MHz, 562 MHz, 586 MHz, 618 MHz, 626 MHz, 642 MHz, 666 MHz"
Andalucía,Jaén,Cazorla,"Cazorla, Quesada, Peal de Becerro, Santo Tomé, Iruela y Chilluévar","22, 24, 25, 26, 32, 35, 39, 42, 45","482 MHz, 498 MHz, 506 MHz, 514 MHz, 562 MHz, 586 MHz, 618 MHz, 642 MHz, 666 MHz"
Andalucía,Jaén,Linares,"Linares, Bailén, Carolina, Mengíbar, Vilches, Villatorres, Torreblascopedro, Guarromán, Baños de la Encina, Jabalquinto, Arquillos y Carboneros","22, 25, 26, 32, 35, 39, 41, 42, 45","482 MHz, 506 MHz, 514 MHz, 562 MHz, 586 MHz, 618 MHz, 634 MHz, 642 MHz, 666 MHz"
Andalucía,Jaén,Úbeda,"Úbeda, Baeza, Torreperogil, Sabiote, Rus, Begíjar, Ibros, Canena y Lupión","22, 25, 26, 32, 35, 38, 39, 42, 45","482 MHz, 506 MHz, 514 MHz, 562 MHz, 586 MHz, 610 MHz, 618 MHz, 642 MHz, 666 MHz"
Andalucía,Jaén,Villacarrillo,"Villacarrillo, Villanueva del Arzobispo, Beas de Segura, Santisteban del Puerto, Castellar, Chiclana de Segura, Sorihuela del Guadalimar e Iznatoraf","22, 25, 26, 32, 35, 36, 39, 42, 45","482 MHz, 506 MHz, 514 MHz, 562 MHz, 586 MHz, 594 MHz, 618 MHz, 642 MHz, 666 MHz"
Andalucía,Málaga,MÁLAGA,"Málaga, Torremolinos, Rincón de la Victoria, Alhaurín de la Torre y Cártama","23, 24, 33, 34, 35, 36, 39, 42, 44, 47","490 MHz, 498 MHz, 570 MHz, 578 MHz, 586 MHz, 594 MHz, 618 MHz, 642 MHz, 658 MHz, 682 MHz"
Andalucía,Málaga,Álora,"Álora, Pizarra y Casarabonela","24, 32, 33, 34, 35, 39, 42, 44, 47","498 MHz, 562 MHz, 570 MHz, 578 MHz, 586 MHz, 618 MHz, 642 MHz, 658 MHz, 682 MHz"
Andalucía,Málaga,Antequera,"Antequera, Archidona, Campillos, Alameda, Villanueva del Trabuco, Villanueva de Algaidas, Mollina, Villanueva del Rosario, Valle de Abdalajís, Humilladero y Fuente de Piedra","22, 25, 26, 29, 30, 31, 33, 41, 47","482 MHz, 506 MHz, 514 MHz, 538 MHz, 546 MHz, 554 MHz, 570 MHz, 634 MHz, 682 MHz"
Andalucía,Málaga,Estepona,"Estepona, Manilva, Casares y Benahavís","21, 22, 25, 27, 32, 40, 43, 45, 46, 47","474 MHz, 482 MHz, 506 MHz, 522 MHz, 562 MHz, 626 MHz, 650 MHz, 666 MHz, 674 MHz, 682 MHz"
Andalucía,Málaga,Fuengirola,"Fuengirola, Mijas, Benalmádena, Coín y Alhaurín el Grande","24, 33, 34, 35, 38, 39, 42, 44, 47","498 MHz, 570 MHz, 578 MHz, 586 MHz, 610 MHz, 618 MHz, 642 MHz, 658 MHz, 682 MHz"
Andalucía,Málaga,Marbella,Marbella y Ojén,"24, 33, 34, 35, 37, 39, 42, 44, 47","498 MHz, 570 MHz, 578 MHz, 586 MHz, 602 MHz, 618 MHz, 642 MHz, 658 MHz, 682 MHz"
Andalucía,Málaga,Nerja,"Nerja, Torrox y Frigiliana","24, 33, 34, 35, 39, 42, 44, 46, 47","498 MHz, 570 MHz, 578 MHz, 586 MHz, 618 MHz, 642 MHz, 658 MHz, 674 MHz, 682 MHz"
Andalucía,Málaga,Ronda,Ronda y Arriate,"22, 30, 35, 37, 38, 41, 44, 45, 48","482 MHz, 546 MHz, 586 MHz, 602 MHz, 610 MHz, 634 MHz, 658 MHz, 666 MHz, 690 MHz"
Andalucía,Málaga,Vélez-Málaga,"Vélez-Málaga, Algarrobo, Benamocarra, Almáchar, Benamargosa, Moclinejo, Iznate y Macharaviaya","24, 33, 34, 35, 39, 40, 42, 44, 47","498 MHz, 570 MHz, 578 MHz, 586 MHz, 618 MHz, 626 MHz, 642 MHz, 658 MHz, 682 MHz"
Andalucía,Sevilla,SEVILLA,"Sevilla, Mairena del Aljarafe, Rinconada, Camas, San Juan de Aznalfarache, Tomares, Castilleja de la Cuesta, Algaba, Bormujos, Pilas, Gines, Sanlúcar la Mayor, Brenes, Alcalá del Río, Olivares, Santiponce, Valencina de la Concepción espartinas, Bollullos de la Mitación, Benacazón, Umbrete, Villanueva del Ariscal, Salteras, Aznalcázar, Huévar del Aljarafe, Carrión de los Céspedes, Castilleja de Guzmán, Albaida del Aljarafe y Castilleja del Campo","22, 24, 26, 35, 37, 38, 41, 43, 44, 45, 48","482 MHz, 498 MHz, 514 MHz, 586 MHz, 602 MHz, 610 MHz, 634 MHz, 650 MHz, 658 MHz, 666 MHz, 690 MHz"
Andalucía,Sevilla,Dos Hermanas,"Dos Hermanas, Alcalá de Guadaira, Carmona, Coria del Río, Mairena del Alcor, Viso del Alcor, Puebla del Río, Gelves, Palomares del Río y Almensilla","22, 26, 34, 35, 37, 38, 41, 44, 45, 48","482 MHz, 514 MHz, 578 MHz, 586 MHz, 602 MHz, 610 MHz, 634 MHz, 658 MHz, 666 MHz, 690 MHz"
Andalucía,Sevilla,Écija,"Écija, Fuentes de Andalucía, Luisiana y Cañada Rosal","21, 22, 23, 27, 28, 29, 36, 46, 47","474 MHz, 482 MHz, 490 MHz, 522 MHz, 530 MHz, 538 MHz, 594 MHz, 674 MHz, 682 MHz"
Andalucía,Sevilla,Estepa,"Estepa, Herrera, Casariche, Pedrera, Roda de Andalucía, Gilena, Rubio, Badolatosa, Marinaleda, Aguadulce y Lora de Estepa","21, 22, 23, 27, 29, 36, 42, 46, 47","474 MHz, 482 MHz, 490 MHz, 522 MHz, 538 MHz, 594 MHz, 642 MHz, 674 MHz, 682 MHz"
Andalucía,Sevilla,Lebrija,"Lebrija, Cabezas de San Juan y Cuervo de Sevilla","21, 22, 23, 25, 32, 33, 39, 42, 46","474 MHz, 482 MHz, 490 MHz, 506 MHz, 562 MHz, 570 MHz, 618 MHz, 642 MHz, 674 MHz"
Andalucía,Sevilla,Lora del Río,"Lora del Río, Campana, Peñaflor, Alcolea del Río y Puebla de los Infantes","21, 22, 23, 27, 29, 32, 36, 46, 47","474 MHz, 482 MHz, 490 MHz, 522 MHz, 538 MHz, 562 MHz, 594 MHz, 674 MHz, 682 MHz"
Andalucía,Sevilla,Morón de la Frontera,"Morón de la Frontera, Arahal, Marchena, Osuna, Puebla de Cazalla, Paradas, Montellano, Lantejuela y Coripe","22, 35, 37, 38, 39, 41, 44, 45, 48","482 MHz, 586 MHz, 602 MHz, 610 MHz, 618 MHz, 634 MHz, 658 MHz, 666 MHz, 690 MHz"
Andalucía,Sevilla,Utrera,"Utrera, Palacios y Villafranca, Coronil y Molares","22, 29, 35, 37, 38, 41, 44, 45, 48","482 MHz, 538 MHz, 586 MHz, 602 MHz, 610 MHz, 634 MHz, 658 MHz, 666 MHz, 690 MHz"
Aragón,Huesca,HUESCA,Huesca y Almudévar,"28, 30, 41, 42, 43, 44, 45, 46, 48","530 MHz, 546 MHz, 634 MHz, 642 MHz, 650 MHz, 658 MHz, 666 MHz, 674 MHz, 690 MHz"
Aragón,Huesca,Barbastro,"Barbastro, Fonz y Estadilla","28, 30, 31, 41, 42, 44, 45, 46, 48","530 MHz, 546 MHz, 554 MHz, 634 MHz, 642 MHz, 658 MHz, 666 MHz, 674 MHz, 690 MHz"
Aragón,Huesca,Fraga,"Fraga, Mequinenza, Zaidín, Belver de Cinca, Torrente de Cinca y Ballobar","22, 25, 28, 31, 32, 35, 37, 38, 47","482 MHz, 506 MHz, 530 MHz, 554 MHz, 562 MHz, 586 MHz, 602 MHz, 610 MHz, 682 MHz"
Aragón,Huesca,Jaca,"Jaca, Sabiñánigo y Sallent de Gállego","24, 28, 30, 33, 41, 42, 44, 45, 46, 48","498 MHz, 530 MHz, 546 MHz, 570 MHz, 634 MHz, 642 MHz, 658 MHz, 666 MHz, 674 MHz, 690 MHz"
Aragón,Huesca,Monzón,"Monzón, Binéfar, Tamarite de Litera, Binaced y Altorricón","28, 30, 33, 41, 42, 44, 45, 46, 48","530 MHz, 546 MHz, 570 MHz, 634 MHz, 642 MHz, 658 MHz, 666 MHz, 674 MHz, 690 MHz"
Aragón,Teruel,TERUEL,"Teruel, Cella, Santa Eulalia y Villarquemado","23, 25, 26, 30, 32, 34, 39, 41, 42","490 MHz, 506 MHz, 514 MHz, 546 MHz, 562 MHz, 578 MHz, 618 MHz, 634 MHz, 642 MHz"
Aragón,Teruel,Alcañiz,"Alcañiz, Calanda, Alcorisa y Castelserás","21, 28, 30, 41, 42, 44, 45, 46, 48","474 MHz, 530 MHz, 546 MHz, 634 MHz, 642 MHz, 658 MHz, 666 MHz, 674 MHz, 690 MHz"
Aragón,Teruel,Andorra,"Andorra, Ariño, Alloza, Oliete y Alacón","28, 30, 38, 41, 42, 44, 45, 46, 48","530 MHz, 546 MHz, 610 MHz, 634 MHz, 642 MHz, 658 MHz, 666 MHz, 674 MHz, 690 MHz"
Aragón,Teruel,Calamocha,"Calamocha, Monreal del Campo, Caminreal, Fuentes Claras y Torrijo del Campo","25, 27, 30, 32, 33, 34, 38, 39, 48","506 MHz, 522 MHz, 546 MHz, 562 MHz, 570 MHz, 578 MHz, 610 MHz, 618 MHz, 690 MHz"
Aragón,Zaragoza,ZARAGOZA,"Zaragoza, Utebo, Zuera, Fuentes de Ebro, Villanueva de Gállego, Puebla de Alfindén, San Mateo de Gállego, Cuarte de Huerva y Villamayor de Gállego","22, 27, 28, 30, 31, 33, 40, 42, 46","482 MHz, 522 MHz, 530 MHz, 546 MHz, 554 MHz, 570 MHz, 626 MHz, 642 MHz, 674 MHz"
Aragón,Zaragoza,Alagón,"Alagón, Gallur, Pedrola, Pinseque, Torres de Berrellén, Remolinos, Figueruelas, Luceni y Boquiñeni","22, 27, 28, 30, 33, 35, 40, 42, 46","482 MHz, 522 MHz, 530 MHz, 546 MHz, 570 MHz, 586 MHz, 626 MHz, 642 MHz, 674 MHz"
Aragón,Zaragoza,Calatayud,"Calatayud, Ateca, Ariza, Alhama de Aragón, Maluenda, Aniñón y Sabiñán","25, 27, 29, 30, 32, 33, 34, 38, 39","506 MHz, 522 MHz, 538 MHz, 546 MHz, 562 MHz, 570 MHz, 578 MHz, 610 MHz, 618 MHz"
Aragón,Zaragoza,Caspe,"Caspe, Maella, Fabara y Nonaspe","28, 30, 31, 41, 42, 44, 45, 46, 48","530 MHz, 546 MHz, 554 MHz, 634 MHz, 642 MHz, 658 MHz, 666 MHz, 674 MHz, 690 MHz"
Aragón,Zaragoza,Ejea de los Caballeros,"Ejea de los Caballeros, Tauste, Sádaba y Biota","22, 27, 28, 30, 33, 39, 40, 42, 46","482 MHz, 522 MHz, 530 MHz, 546 MHz, 570 MHz, 618 MHz, 626 MHz, 642 MHz, 674 MHz"
Aragón,Zaragoza,La Almunia de Doña Godina,"Almunia de Doña Godina, Épila, Calatorao, Ricla y Morata de Jalón","22, 27, 28, 30, 33, 36, 40, 42, 46","482 MHz, 522 MHz, 530 MHz, 546 MHz, 570 MHz, 594 MHz, 626 MHz, 642 MHz, 674 MHz"
Aragón,Zaragoza,Tarazona,"Tarazona, Novallas, Malón, Torrellas y Vierlas","21, 22, 24, 27, 33, 35, 41, 42, 45","474 MHz, 482 MHz, 498 MHz, 522 MHz, 570 MHz, 586 MHz, 634 MHz, 642 MHz, 666 MHz"
Asturias,Asturias,OVIEDO,"Oviedo, Siero, Llanera, Grado, Noreña, Morcín y Ribera de Arriba","22, 27, 28, 32, 35, 39, 42, 43, 45","482 MHz, 522 MHz, 530 MHz, 562 MHz, 586 MHz, 618 MHz, 642 MHz, 650 MHz, 666 MHz"
Asturias,Asturias,Avilés,"Avilés, Castrillón, Corvera de Asturias, Pravia, Cudillero, Soto del Barco, Muros de Nalón e Illas","22, 27, 28, 32, 35, 39, 42, 45, 47","482 MHz, 522 MHz, 530 MHz, 562 MHz, 586 MHz, 618 MHz, 642 MHz, 666 MHz, 682 MHz"
Asturias,Asturias,Cangas del Narcea,"Cangas del Narcea, Tineo, Salas y Allande","22, 25, 27, 28, 32, 35, 39, 42, 45","482 MHz, 506 MHz, 522 MHz, 530 MHz, 562 MHz, 586 MHz, 618 MHz, 642 MHz, 666 MHz"
Asturias,Asturias,Gijón,"Gijón, Villaviciosa, Gozón, Carreño y Colunga","22, 27, 28, 32, 35, 38, 39, 42, 45","482 MHz, 522 MHz, 530 MHz, 562 MHz, 586 MHz, 610 MHz, 618 MHz, 642 MHz, 666 MHz"
Asturias,Asturias,Infiesto-Piloña,"Piloña, Cangas de Onís, Parres, Nava, Bimenes, Sariego, Cabranes y Onís","22, 27, 28, 32, 35, 39, 42, 44, 45","482 MHz, 522 MHz, 530 MHz, 562 MHz, 586 MHz, 618 MHz, 642 MHz, 658 MHz, 666 MHz"
Asturias,Asturias,Llanes,"Llanes, Ribadesella, Cabrales, Ribadedeva, Peñamellera Baja, Peñamellera Alta y Caravia","22, 27, 28, 32, 35, 37, 39, 42, 45","482 MHz, 522 MHz, 530 MHz, 562 MHz, 586 MHz, 602 MHz, 618 MHz, 642 MHz, 666 MHz"
Asturias,Asturias,Luarca-Valdés,"Valdés, Navia, Vegadeo, Tapia de Casariego, Franco, Castropol, Coaña, Boal y Villayón","22, 23, 27, 28, 32, 35, 39, 42, 45","482 MHz, 490 MHz, 522 MHz, 530 MHz, 562 MHz, 586 MHz, 618 MHz, 642 MHz, 666 MHz"
Asturias,Asturias,Mieres,"Mieres, Langreo, San Martín del Rey Aurelio, Laviana, Aller y Lena","22, 27, 28, 32, 35, 39, 42, 45, 46","482 MHz, 522 MHz, 530 MHz, 562 MHz, 586 MHz, 618 MHz, 642 MHz, 666 MHz, 674 MHz"
Cantabria,Cantabria,SANTANDER,"Santander, Camargo, Astillero, Piélagos, Santa Cruz de Bezana, Suances, Santa María de Cayón, Medio Cudeyo, Marina de Cudeyo, Ribamontán al Mar, Miengo, Villaescusa, Liérganes y Penagos","25, 29, 30, 32, 40, 43, 44, 46, 47","506 MHz, 538 MHz, 546 MHz, 562 MHz, 626 MHz, 650 MHz, 658 MHz, 674 MHz, 682 MHz"
Cantabria,Cantabria,Castro-Urdiales,"Castro-Urdiales, Laredo, Santoña, Colindres, Ampuero, Bárcena de Cicero, Voto, Noja, Arnuero, Guriezo, Bareyo, Limpias, Meruelo, Argoños, Liendo y Escalante","25, 29, 32, 39, 40, 43, 44, 46, 47","506 MHz, 538 MHz, 562 MHz, 618 MHz, 626 MHz, 650 MHz, 658 MHz, 674 MHz, 682 MHz"
Cantabria,Cantabria,Potes,"Potes, Cillorigo de Liébana, Camaleño, Vega de Liébana y Cabezón de Liébana","25, 29, 32, 33, 40, 43, 44, 46, 47","506 MHz, 538 MHz, 562 MHz, 570 MHz, 626 MHz, 650 MHz, 658 MHz, 674 MHz, 682 MHz"
Cantabria,Cantabria,Reinosa,"Reinosa, Campoo de Enmedio, Arenas de Iguña, Hermandad de Campoo de Suso, Molledo, Valdeolea, Bárcena de Pie de Concha, Campoo de Yuso, Cieza, Anievas, Santiurde de Reinosa y Pesquera","23, 25, 29, 32, 40, 43, 44, 46, 47","490 MHz, 506 MHz, 538 MHz, 562 MHz, 626 MHz, 650 MHz, 658 MHz, 674 MHz, 682 MHz"
Cantabria,Cantabria,Selaya,"Selaya, Villacarriedo, Villafufre, Vega de Pas, San Pedro del Romeral y Saro","25, 29, 32, 40, 43, 44, 45, 46, 47","506 MHz, 538 MHz, 562 MHz, 626 MHz, 650 MHz, 658 MHz, 666 MHz, 674 MHz, 682 MHz"
Cantabria,Cantabria,Torrelavega,"Torrelavega, Corrales de Buelna, Cabezón de la Sal, Reocín, San Vicente de la Barquera, Santillana del Mar, Polanco, Cartes, Val de San Vicente, Alfoz de Lloredo, Valdáliga, Puente Viesgo, Comillas, San Felices de Buelna, Mazcuerras, Udías y Ruiloba","25, 29, 32, 40, 41, 43, 44, 46, 47","506 MHz, 538 MHz, 562 MHz, 626 MHz, 634 MHz, 650 MHz, 658 MHz, 674 MHz, 682 MHz"
Castilla y León,Ávila,,Ávila y Solosancho,"21, 27, 28, 30, 31, 32, 37, 47, 48","474 MHz, 522 MHz, 530 MHz, 546 MHz, 554 MHz, 562 MHz, 602 MHz, 682 MHz, 690 MHz"
Castilla y León,Burgos,BURGOS,"Burgos, Melgar de Fernamental, Villadiego, Sasamón e Ibeas de Juarros","24, 30, 31, 33, 36, 37, 39, 41, 48","498 MHz, 546 MHz, 554 MHz, 570 MHz, 594 MHz, 602 MHz, 618 MHz, 634 MHz, 690 MHz"
Castilla y León,Burgos,Aranda de Duero,"Aranda de Duero, Lerma, Roa y Huerta de Rey","23, 30, 31, 32, 35, 38, 39, 45, 48","490 MHz, 546 MHz, 554 MHz, 562 MHz, 586 MHz, 610 MHz, 618 MHz, 666 MHz, 690 MHz"
Castilla y León,Burgos,Briviesca,Briviesca y Belorado,"23, 24, 30, 31, 36, 37, 39, 41, 48","490 MHz, 498 MHz, 546 MHz, 554 MHz, 594 MHz, 602 MHz, 618 MHz, 634 MHz, 690 MHz"
Castilla y León,Burgos,Medina de Pomar,"Medina de Pomar, Villarcayo de Merindad de Castilla la Vieja, Oña, Valle de Tobalina y Trespaderne","24, 30, 31, 36, 37, 38, 39, 41, 48","498 MHz, 546 MHz, 554 MHz, 594 MHz, 602 MHz, 610 MHz, 618 MHz, 634 MHz, 690 MHz"
Castilla y León,Burgos,Miranda de Ebro,Miranda de Ebro y Condado de Treviño,"24, 30, 31, 36, 37, 38, 39, 41, 48","498 MHz, 546 MHz, 554 MHz, 594 MHz, 602 MHz, 610 MHz, 618 MHz, 634 MHz, 690 MHz"
Castilla y León,León,LEÓN,"León, San Andrés del Rabanedo, Villaquilambre, Valverde de la Virgen, Sariegos, Carrizo y Chozas de Abajo","21, 22, 26, 30, 31, 33, 34, 37, 44","474 MHz, 482 MHz, 514 MHz, 546 MHz, 554 MHz, 570 MHz, 578 MHz, 602 MHz, 658 MHz"
Castilla y León,León,Astorga,"Astorga, Bañeza, Villarejo de Órbigo, Santa María del Páramo, Benavides, San Justo de la Vega, Soto de la Vega y Bustillo del Páramo","21, 26, 30, 31, 33, 34, 37, 41, 44","474 MHz, 514 MHz, 546 MHz, 554 MHz, 570 MHz, 578 MHz, 602 MHz, 634 MHz, 658 MHz"
Castilla y León,León,Ponferrada,"Ponferrada, Bembibre, Fabero, Cacabelos, Toreno, Villafranca del Bierzo, Carracedelo, Camponaraya, Torre del Bierzo, Vega de Espinareda, Villadecanes y Corullón","21, 24, 26, 27, 33, 34, 38, 40, 43","474 MHz, 498 MHz, 514 MHz, 522 MHz, 570 MHz, 578 MHz, 610 MHz, 626 MHz, 650 MHz"
Castilla y León,Palencia,PALENCIA,"Palencia, Venta de Baños, Villamuriel de Cerrato y Dueñas","22, 23, 26, 27, 31, 37, 39, 47, 48","482 MHz, 490 MHz, 514 MHz, 522 MHz, 554 MHz, 602 MHz, 618 MHz, 682 MHz, 690 MHz"
Castilla y León,Palencia,Aguilar de Campoo,"Aguilar de Campoo, Cervera de Pisuerga y Barruelo de Santullán","24, 25, 30, 31, 36, 37, 39, 41, 48","498 MHz, 506 MHz, 546 MHz, 554 MHz, 594 MHz, 602 MHz, 618 MHz, 634 MHz, 690 MHz"
Castilla y León,Salamanca,SALAMANCA,"Salamanca, Santa Marta de Tormes, Alba de Tormes, Villamayor, Villares de la Reina, Terradillos, Carbajosa de la Sagrada y Cabrerizos","22, 23, 29, 35, 39, 42, 44, 45, 47","482 MHz, 490 MHz, 538 MHz, 586 MHz, 618 MHz, 642 MHz, 658 MHz, 666 MHz, 682 MHz"
Castilla y León,Salamanca,Béjar,"Béjar, Guijuelo y Candelario","22, 23, 29, 35, 39, 40, 42, 45, 47","482 MHz, 490 MHz, 538 MHz, 586 MHz, 618 MHz, 626 MHz, 642 MHz, 666 MHz, 682 MHz"
Castilla y León,Salamanca,Ciudad Rodrigo,Ciudad Rodrigo y Sancti-Spíritus,"22, 23, 29, 35, 39, 40, 42, 45, 47","482 MHz, 490 MHz, 538 MHz, 586 MHz, 618 MHz, 626 MHz, 642 MHz, 666 MHz, 682 MHz"
Castilla y León,Segovia,,"Segovia, San Ildefonso, Lastrilla y Palazuelos de Eresma","23, 24, 27, 28, 38, 40, 42, 44, 47","490 MHz, 498 MHz, 522 MHz, 530 MHz, 610 MHz, 626 MHz, 642 MHz, 658 MHz, 682 MHz"
Castilla y León,Soria,SORIA,Soria,"21, 22, 24, 26, 27, 33, 41, 42, 45","474 MHz, 482 MHz, 498 MHz, 514 MHz, 522 MHz, 570 MHz, 634 MHz, 642 MHz, 666 MHz"
Castilla y León,Soria,Burgo de Osma,Burgo de Osma-Ciudad de Osma y San Esteban de Gormaz,"21, 22, 24, 27, 33, 41, 42, 43, 45","474 MHz, 482 MHz, 498 MHz, 522 MHz, 570 MHz, 634 MHz, 642 MHz, 650 MHz, 666 MHz"
Castilla y León,Valladolid,VALLADOLID,"Valladolid, Laguna de Duero, Tordesillas, Tudela de Duero, Arroyo de la Encomienda, Cistérniga, Simancas, Cigales, Santovenia de Pisuerga, Portillo, Cabezón de Pisuerga, Boecillo y Zaratán","22, 25, 26, 29, 34, 40, 41, 43, 46","482 MHz, 506 MHz, 514 MHz, 538 MHz, 578 MHz, 626 MHz, 634 MHz, 650 MHz, 674 MHz"
Castilla y León,Valladolid,Medina del Campo,"Medina del Campo, Íscar, Olmedo, Pedrajas de San Esteban y Nava del Rey","22, 23, 25, 26, 29, 34, 40, 43, 46","482 MHz, 490 MHz, 506 MHz, 514 MHz, 538 MHz, 578 MHz, 626 MHz, 650 MHz, 674 MHz"
Castilla y León,Zamora,ZAMORA,"Zamora, Toro, Morales del Vino, Villaralbo y Coreses","22, 26, 29, 34, 35, 36, 37, 38, 41","482 MHz, 514 MHz, 538 MHz, 578 MHz, 586 MHz, 594 MHz, 602 MHz, 610 MHz, 634 MHz"
Castilla y León,Zamora,Benavente,"Benavente, San Cristóbal de Entreviñas, Villalpando, Santa Cristina de la Polvorosa y Villanueva del Campo","22, 26, 29, 32, 34, 35, 36, 37, 38","482 MHz, 514 MHz, 538 MHz, 562 MHz, 578 MHz, 586 MHz, 594 MHz, 602 MHz, 610 MHz"
Castilla-La Mancha,Albacete,ALBACETE,Albacete,"21, 23, 24, 27, 28, 37, 45, 46, 47","474 MHz, 490 MHz, 498 MHz, 522 MHz, 530 MHz, 602 MHz, 666 MHz, 674 MHz, 682 MHz"
Castilla-La Mancha,Albacete,Alcaraz,"Alcaraz, Bienservida, Villapalacios, Povedilla, Salobre, Viveros, Vianos, Robledo y Peña","21, 23, 24, 27, 28, 37, 41, 45, 46","474 MHz, 490 MHz, 498 MHz, 522 MHz, 530 MHz, 602 MHz, 634 MHz, 666 MHz, 674 MHz"
Castilla-La Mancha,Albacete,Almansa,"Almansa, Caudete y Alpera","21, 23, 24, 27, 28, 37, 39, 45, 46","474 MHz, 490 MHz, 498 MHz, 522 MHz, 530 MHz, 602 MHz, 618 MHz, 666 MHz, 674 MHz"
Castilla-La Mancha,Albacete,Elche de la Sierra,"Elche de la Sierra yeste, Socovos, Letur, Molinicos y Férez","21, 23, 24, 27, 28, 31, 37, 45, 46","474 MHz, 490 MHz, 498 MHz, 522 MHz, 530 MHz, 554 MHz, 602 MHz, 666 MHz, 674 MHz"
Castilla-La Mancha,Albacete,Hellín,"Hellín, Tobarra, Ontur y Albatana","21, 22, 23, 24, 27, 28, 37, 45, 46","474 MHz, 482 MHz, 490 MHz, 498 MHz, 522 MHz, 530 MHz, 602 MHz, 666 MHz, 674 MHz"
Castilla-La Mancha,Albacete,La Roda,"La Roda, Tarazona de la Mancha y Villalgordo del Júcar","21, 23, 24, 27, 28, 37, 42, 45, 46","474 MHz, 490 MHz, 498 MHz, 522 MHz, 530 MHz, 602 MHz, 642 MHz, 666 MHz, 674 MHz"
Castilla-La Mancha,Albacete,Villarrobledo,Villarrobledo y Minaya,"21, 22, 25, 27, 28, 30, 32, 43, 48","474 MHz, 482 MHz, 506 MHz, 522 MHz, 530 MHz, 546 MHz, 562 MHz, 650 MHz, 690 MHz"
Castilla-La Mancha,Ciudad Real,CIUDAD REAL,"Ciudad Real, Daimiel, Bolaños de Calatrava, Miguelturra, Villarrubia de los Ojos, Almagro, Torralba de Calatrava, Carrión de Calatrava y Pozuelo de Calatrava","21, 25, 27, 28, 30, 32, 34, 43, 48","474 MHz, 506 MHz, 522 MHz, 530 MHz, 546 MHz, 562 MHz, 578 MHz, 650 MHz, 690 MHz"
Castilla-La Mancha,Ciudad Real,Alcázar de San Juan,"Alcázar de San Juan, Campo de Criptana y Herencia","21, 25, 27, 28, 30, 32, 35, 43, 48","474 MHz, 506 MHz, 522 MHz, 530 MHz, 546 MHz, 562 MHz, 586 MHz, 650 MHz, 690 MHz"
Castilla-La Mancha,Ciudad Real,Almadén,"Almadén, Chillón, Guadalmez, Alamillo y Almadenejos","21, 24, 25, 27, 28, 30, 32, 43, 48","474 MHz, 498 MHz, 506 MHz, 522 MHz, 530 MHz, 546 MHz, 562 MHz, 650 MHz, 690 MHz"
Castilla-La Mancha,Ciudad Real,Manzanares,"Manzanares, Solana y Membrilla","21, 25, 27, 28, 30, 32, 38, 43, 48","474 MHz, 506 MHz, 522 MHz, 530 MHz, 546 MHz, 562 MHz, 610 MHz, 650 MHz, 690 MHz"
Castilla-La Mancha,Ciudad Real,Puertollano,"Puertollano, Almodóvar del Campo, Argamasilla de Calatrava y Brazatortas","21, 25, 27, 28, 30, 31, 32, 43, 48","474 MHz, 506 MHz, 522 MHz, 530 MHz, 546 MHz, 554 MHz, 562 MHz, 650 MHz, 690 MHz"
Castilla-La Mancha,Ciudad Real,Tomelloso,"Tomelloso, Socuéllamos y Argamasilla de Alba","21, 25, 27, 28, 29, 30, 32, 43, 48","474 MHz, 506 MHz, 522 MHz, 530 MHz, 538 MHz, 546 MHz, 562 MHz, 650 MHz, 690 MHz"
Castilla-La Mancha,Ciudad Real,Valdepeñas,"Valdepeñas, Santa Cruz de Mudela y Torrenueva","21, 25, 26, 27, 28, 30, 32, 43, 48","474 MHz, 506 MHz, 514 MHz, 522 MHz, 530 MHz, 546 MHz, 562 MHz, 650 MHz, 690 MHz"
Castilla-La Mancha,Cuenca,CUENCA,Cuenca,"21, 31, 32, 36, 38, 40, 42, 44, 48","474 MHz, 554 MHz, 562 MHz, 594 MHz, 610 MHz, 626 MHz, 642 MHz, 658 MHz, 690 MHz"
Castilla-La Mancha,Cuenca,Las Pedroñeras,"Pedroñeras, San Clemente, Mota del Cuervo, Provencio, Mesas, Belmonte, Alberca de Záncara y Pedernoso","21, 25, 27, 28, 30, 32, 33, 43, 48","474 MHz, 506 MHz, 522 MHz, 530 MHz, 546 MHz, 562 MHz, 570 MHz, 650 MHz, 690 MHz"
Castilla-La Mancha,Cuenca,Quintanar del Rey,"Quintanar del Rey, Motilla del Palancar, Iniesta, Casasimarro y Villanueva de la Jara","21, 23, 24, 27, 28, 35, 37, 45, 46","474 MHz, 490 MHz, 498 MHz, 522 MHz, 530 MHz, 586 MHz, 602 MHz, 666 MHz, 674 MHz"
Castilla-La Mancha,Cuenca,Tarancón,"Tarancón, Horcajo de Santiago, Villamayor de Santiago y Fuente de Pedro Naharro","21, 25, 27, 28, 29, 30, 32, 43, 48","474 MHz, 506 MHz, 522 MHz, 530 MHz, 538 MHz, 546 MHz, 562 MHz, 650 MHz, 690 MHz"
Castilla-La Mancha,Guadalajara,GUADALAJARA,"Guadalajara, Cabanillas del Campo, Marchamalo, Horche y Chiloeches","23, 28, 29, 31, 37, 40, 43, 44, 47","490 MHz, 530 MHz, 538 MHz, 554 MHz, 602 MHz, 626 MHz, 650 MHz, 658 MHz, 682 MHz"
Castilla-La Mancha,Guadalajara,Azuqueca de Henares,"Azuqueca de Henares, Alovera y Villanueva de la Torre","22, 25, 26, 30, 32, 33, 34, 38, 41","482 MHz, 506 MHz, 514 MHz, 546 MHz, 562 MHz, 570 MHz, 578 MHz, 610 MHz, 634 MHz"
Castilla-La Mancha,Toledo,TOLEDO,"Toledo, Sonseca, Mora, Bargas, Olías del Rey, Mocejón, Polán, Argés, Nambroca, Orgaz, Cobisa, Ajofrín, Guadamur y Burguillos de Toledo","23, 25, 27, 29, 31, 37, 40, 45, 47","490 MHz, 506 MHz, 522 MHz, 538 MHz, 554 MHz, 602 MHz, 626 MHz, 666 MHz, 682 MHz"
Castilla-La Mancha,Toledo,Illescas,"Illescas yuncos esquivias, Numancia de la Sagra, Villaluenga de la Sagra, Pantoja, Ugena yuncler yeles, Cobeja y Cabañas de la Sagra","22, 25, 26, 32, 33, 34, 38, 41, 44","482 MHz, 506 MHz, 514 MHz, 562 MHz, 570 MHz, 578 MHz, 610 MHz, 634 MHz, 658 MHz"
Castilla-La Mancha,Toledo,Madridejos,"Madridejos, Consuegra, Villafranca de los Caballeros, Urda y Camuñas","21, 25, 27, 28, 30, 32, 39, 43, 48","474 MHz, 506 MHz, 522 MHz, 530 MHz, 546 MHz, 562 MHz, 618 MHz, 650 MHz, 690 MHz"
Castilla-La Mancha,Toledo,Quintanar de la Orden,"Quintanar de la Orden, Villacañas, Corral de Almaguer, Puebla de Almoradiel, Miguel Esteban, Villa de Don Fadrique, Villanueva de Alcardete y Toboso","21, 23, 25, 27, 28, 30, 32, 43, 48","474 MHz, 490 MHz, 506 MHz, 522 MHz, 530 MHz, 546 MHz, 562 MHz, 650 MHz, 690 MHz"
Castilla-La Mancha,Toledo,Talavera de la Reina,"Talavera de la Reina, Calera y Chozas, Oropesa, Velada, Lagartera, Pepino, Mejorada, Cazalegas y Segurilla","23, 25, 29, 31, 37, 40, 45, 46, 47","490 MHz, 506 MHz, 538 MHz, 554 MHz, 602 MHz, 626 MHz, 666 MHz, 674 MHz, 682 MHz"
Castilla-La Mancha,Toledo,Torrijos,"Torrijos, Fuensalida, Puebla de Montalbán, Santa Olalla, Carpio de Tajo, Portillo de Toledo, Gerindote, Novés escalonilla, Burujón, Mata, Carmena, Santo Domingo-Caudilla y Alcabón","23, 25, 29, 31, 37, 40, 42, 45, 47","490 MHz, 506 MHz, 538 MHz, 554 MHz, 602 MHz, 626 MHz, 642 MHz, 666 MHz, 682 MHz"
Cataluña,Barcelona,BARCELONA,"Barcelona, l'Hospitalet de Llobregat, Badalona, Santa Coloma de Gramenet y Sant Adrià de Besòs","23, 26, 27, 29, 31, 34, 41, 44, 47, 48","490 MHz, 514 MHz, 522 MHz, 538 MHz, 554 MHz, 578 MHz, 634 MHz, 658 MHz, 682 MHz, 690 MHz"
Cataluña,Barcelona,Cornellà de Llobregat,"Cornellà de Llobregat, Sant Boi de Llobregat, Prat de Llobregat, Viladecans, Castelldefels esplugues de Llobregat, Gavà, Sant Feliu de Llobregat, Sant Joan Despí, Sant Vicenç dels Horts, Martorell, Sant Andreu de la Barca, Molins de Rei, Olesa de Montserrat esparraguera, Sant Just Desvern, Vallirana, Corbera de Llobregat, Abrera, Pallejà, Cervelló, Santa Coloma de Cervelló, Sant Esteve Sesrovires, Begues, Papiol, Palma de Cervelló, Collbató y Castellví de Rosanes","23, 27, 29, 31, 34, 36, 41, 44, 46, 47","490 MHz, 522 MHz, 538 MHz, 554 MHz, 578 MHz, 594 MHz, 634 MHz, 658 MHz, 674 MHz, 682 MHz"
Cataluña,Barcelona,Granollers,"Granollers, Mollet del Vallès, Parets del Vallès, Franqueses del Vallès, Sant Celoni, Caldes de Montbui, Cardedeu, Canovelles, Montornès del Vallès, Garriga, Lliçà d'Amunt, Llagosta, Roca del Vallès, Montmeló, Llinars del Vallès, Santa Maria de Palautordera, Bigues i Riells, Sant Fost de Campsentelles, Ametlla del Vallès, Santa Eulàlia de Ronçana, Lliçà de Vall, Sant Feliu de Codines, Sant Antoni de Vilamajor, Martorelles, Vilanova del Vallès, Sant Pere de Vilamajor y Vallromanes","23, 27, 29, 31, 34, 40, 41, 44, 47","490 MHz, 522 MHz, 538 MHz, 554 MHz, 578 MHz, 626 MHz, 634 MHz, 658 MHz, 682 MHz"
Cataluña,Barcelona,Igualada,"Igualada, Piera, Vilanova del Camí, Santa Margarida de Montbui, Masquefa, Capellades y Òdena","23, 27, 29, 31, 34, 37, 41, 44, 47","490 MHz, 522 MHz, 538 MHz, 554 MHz, 578 MHz, 602 MHz, 634 MHz, 658 MHz, 682 MHz"
Cataluña,Barcelona,Manresa,"Manresa, Berga, Sant Joan de Vilatorrada, Solsona, Sant Vicenç de Castellet, Sallent, Sant Fruitós de Bages, Súria, Navàs, Santpedor, Navarcles, Cardona, Moià, Gironella, Artés, Puig-reig y Balsareny","23, 27, 29, 31, 34, 41, 44, 47, 48","490 MHz, 522 MHz, 538 MHz, 554 MHz, 578 MHz, 634 MHz, 658 MHz, 682 MHz, 690 MHz"
Cataluña,Barcelona,Mataró,"Mataró, Premià de Mar, Pineda de Mar, Masnou, Vilassar de Mar, Malgrat de Mar, Calella, Arenys de Mar, Canet de Mar, Tordera, Argentona, Premià de Dalt, Alella, Montgat, Sant Andreu de Llavaneres, Vilassar de Dalt, Arenys de Munt, Tiana, Palafolls, Teià, Cabrils, Sant Vicenç de Montalt, Sant Pol de Mar y Cabrera de Mar","23, 24, 27, 29, 31, 34, 41, 44, 47","490 MHz, 498 MHz, 522 MHz, 538 MHz, 554 MHz, 578 MHz, 634 MHz, 658 MHz, 682 MHz"
Cataluña,Barcelona,Sabadell,"Sabadell, Terrassa, Rubí, Sant Cugat del Vallès, Cerdanyola del Vallès, Ripollet, Montcada i Reixac, Barberà del Vallès, Santa Perpètua de Mogoda, Castellar del Vallès, Sant Quirze del Vallès, Badia del Vallès, Palau-solità i Plegamans, Castellbisbal, Matadepera, Viladecavalls, Sentmenat y Polinyà","23, 27, 29, 31, 34, 39, 41, 44, 45, 47","490 MHz, 522 MHz, 538 MHz, 554 MHz, 578 MHz, 618 MHz, 634 MHz, 658 MHz, 666 MHz, 682 MHz"
Cataluña,Barcelona,Vic,"Vic, Manlleu, Torelló, Tona, Centelles, Taradell, Roda de Ter, Sant Hipòlit de Voltregà, Masies de Voltregà, Sant Pere de Torelló y Lluçà","23, 25, 27, 29, 31, 34, 41, 44, 47","490 MHz, 506 MHz, 522 MHz, 538 MHz, 554 MHz, 578 MHz, 634 MHz, 658 MHz, 682 MHz"
Cataluña,Barcelona,Vilanova i la Geltrú,"Vilanova i la Geltrú, Vilafranca del Penedès, Vendrell, Sant Pere de Ribes, Sitges, Calafell, Sant Sadurní d'Anoia, Cubelles, Cunit, Santa Margarida i els Monjos, Gelida, Canyelles, Olivilla y La Granada","23, 27, 29, 30, 31, 34, 41, 44, 47","490 MHz, 522 MHz, 538 MHz, 546 MHz, 554 MHz, 578 MHz, 634 MHz, 658 MHz, 682 MHz"
Cataluña,Girona,GIRONA,"Girona, Salt, Banyoles, Cassà de la Selva, Llagostera, Sarrià de Ter, Porqueres, Bescanó y Canet d'Adri","29, 30, 32, 35, 37, 38, 39, 42, 45","538 MHz, 546 MHz, 562 MHz, 586 MHz, 602 MHz, 610 MHz, 618 MHz, 642 MHz, 666 MHz"
Cataluña,Girona,Blanes,"Lloret de Mar, Santa Coloma de Farners, Arbúcies, Vidreres, Sant Hilari Sacalm, Maçanet de la Selva, Tossa de Mar, Anglés y Breda","29, 30, 32, 35, 37, 38, 42, 45, 46","538 MHz, 546 MHz, 562 MHz, 586 MHz, 602 MHz, 610 MHz, 642 MHz, 666 MHz, 674 MHz"
Cataluña,Girona,Figueres,"Figueres, Roses, Castelló d'Empúries escala y Vilafant","29, 30, 32, 35, 37, 38, 42, 45, 48","538 MHz, 546 MHz, 562 MHz, 586 MHz, 602 MHz, 610 MHz, 642 MHz, 666 MHz, 690 MHz"
Cataluña,Girona,Olot,"Olot, Ripoll, Sant Joan de les Abadesses, Campdevànol y Sant Joan les Fonts","21, 29, 30, 32, 35, 37, 38, 42, 45","474 MHz, 538 MHz, 546 MHz, 562 MHz, 586 MHz, 602 MHz, 610 MHz, 642 MHz, 666 MHz"
Cataluña,Girona,Palafrugell,"Palafrugell, Sant Feliu de Guíxols, Palamós, Torroella de Montgrí, Bisbal d'Empordà, Calonge, Castell-Platja d'Aro, Begur y Santa Cristina d'Aro","25, 29, 30, 32, 35, 37, 38, 42, 45","506 MHz, 538 MHz, 546 MHz, 562 MHz, 586 MHz, 602 MHz, 610 MHz, 642 MHz, 666 MHz"
Cataluña,Lleida,LLEIDA,"Lleida, Almacelles, Alcarràs, Alpicat, Almenar y Alfarràs","22, 25, 27, 28, 31, 32, 35, 38, 47","482 MHz, 506 MHz, 522 MHz, 530 MHz, 554 MHz, 562 MHz, 586 MHz, 610 MHz, 682 MHz"
Cataluña,Lleida,Balaguer,"Balaguer, Tàrrega, Mollerussa, Cervera, Borges Blanques, Agramunt y Bellpuig","22, 24, 25, 28, 31, 32, 35, 38, 47","482 MHz, 498 MHz, 506 MHz, 530 MHz, 554 MHz, 562 MHz, 586 MHz, 610 MHz, 682 MHz"
Cataluña,Lleida,La Seu d'Urgell,"Seu d'Urgell, Puigcerdà, Tremp, Pobla de Segur, Pont de Suert y Sort","22, 29, 32, 33, 35, 37, 39, 43, 47","482 MHz, 538 MHz, 562 MHz, 570 MHz, 586 MHz, 602 MHz, 618 MHz, 650 MHz, 682 MHz"
Cataluña,Lleida,Vielha e Mijaran,"Vielha e Mijaran, Naut Aran y Bossòst","22, 29, 32, 35, 37, 39, 41, 43, 47","482 MHz, 538 MHz, 562 MHz, 586 MHz, 602 MHz, 618 MHz, 634 MHz, 650 MHz, 682 MHz"
Cataluña,Tarragona,TARRAGONA,"Tarragona, Valls, Salou, Vila-seca, Torredembarra, Montblanc, Constantí y Rodonyà","24, 28, 29, 31, 35, 37, 39, 40, 47","498 MHz, 530 MHz, 538 MHz, 554 MHz, 586 MHz, 602 MHz, 618 MHz, 626 MHz, 682 MHz"
Cataluña,Tarragona,Reus,"Reus, Cambrils, Mont-roig del Camp, Riudoms, Vandellòs i lHospitalet de lInfant, Selva del Camp y Falset","24, 28, 29, 31, 32, 35, 37, 40, 47","498 MHz, 530 MHz, 538 MHz, 554 MHz, 562 MHz, 586 MHz, 602 MHz, 626 MHz, 682 MHz"
Cataluña,Tarragona,Tortosa,"Tortosa, Amposta, Sant Carles de la Ràpita, Deltebre, Alcanar, Roquetes, Ulldecona, Ametlla de Mar, Sénia, Móra dEbre, Móra la Nova, Gandesa, Ascó, Horta de Sant Joan y Godall","23, 24, 28, 29, 34, 35, 40, 43, 47","490 MHz, 498 MHz, 530 MHz, 538 MHz, 578 MHz, 586 MHz, 626 MHz, 650 MHz, 682 MHz"
Comunidad de Madrid,Madrid,MADRID,Madrid,"22, 25, 26, 32, 33, 34, 38, 39, 41, 48","482 MHz, 506 MHz, 514 MHz, 562 MHz, 570 MHz, 578 MHz, 610 MHz, 618 MHz, 634 MHz, 690 MHz"
Comunidad de Madrid,Madrid,Alcalá de Henares,"Alcalá de Henares, Torrejón de Ardoz, Coslada, San Fernando de Henares, Mejorada del Campo, Meco, Velilla de San Antonio, Villalbilla, Torres de la Alameda, Loeches y Campo Real","22, 25, 26, 32, 33, 34, 38, 41, 46","482 MHz, 506 MHz, 514 MHz, 562 MHz, 570 MHz, 578 MHz, 610 MHz, 634 MHz, 674 MHz"
Comunidad de Madrid,Madrid,Alcobendas,"Alcobendas, San Sebastián de los Reyes, Tres Cantos, Colmenar Viejo, Algete, San Agustín del Guadalix, Paracuellos de Jarama, Daganzo de Arriba, Fuente el Saz de Jarama, El Molar, Cobeña y Ajalvir","22, 25, 26, 27, 32, 33, 34, 38, 41","482 MHz, 506 MHz, 514 MHz, 522 MHz, 562 MHz, 570 MHz, 578 MHz, 610 MHz, 634 MHz"
Comunidad de Madrid,Madrid,Aranjuez,"Aranjuez, Rivas-Vaciamadrid, Arganda del Rey, Colmenar de Oreja, Morata de Tajuña, Chinchón, Villaconejos, Perales de Tajuña y Titulcia","21, 22, 25, 26, 32, 33, 34, 38, 41","474 MHz, 482 MHz, 506 MHz, 514 MHz, 562 MHz, 570 MHz, 578 MHz, 610 MHz, 634 MHz"
Comunidad de Madrid,Madrid,Collado Villalba,"Collado Villalba, Galapagar, Torrelodones, San Lorenzo de El Escorial, El Escorial, Guadarrama, Alpedrete, Moralzarzal, Hoyo de Manzanares, Cercedilla, Colmenarejo, Collado Mediano, Becerril de la Sierra, Los Molinos y Navacerrada","22, 25, 26, 29, 32, 33, 34, 38, 41","482 MHz, 506 MHz, 514 MHz, 538 MHz, 562 MHz, 570 MHz, 578 MHz, 610 MHz, 634 MHz"
Comunidad de Madrid,Madrid,Fuenlabrada,"Fuenlabrada, Getafe, Parla, Valdemoro, Pinto, Ciempozuelos y San Martín de la Vega","22, 25, 26, 32, 33, 34, 38, 41, 42","482 MHz, 506 MHz, 514 MHz, 562 MHz, 570 MHz, 578 MHz, 610 MHz, 634 MHz, 642 MHz"
Comunidad de Madrid,Madrid,Móstoles,"Móstoles, Leganés, Alcorcón, Navalcarnero, Humanes de Madrid, Arroyomolinos y Moraleja de Enmedio","22, 25, 26, 30, 32, 33, 34, 38, 41","482 MHz, 506 MHz, 514 MHz, 546 MHz, 562 MHz, 570 MHz, 578 MHz, 610 MHz, 634 MHz"
Comunidad de Madrid,Madrid,Pozuelo de Alarcón,"Pozuelo de Alarcón, Las Rozas de Madrid, Majadahonda, Boadilla del Monte, Villaviciosa de Odón, Villanueva de la Cañada, Villanueva del Pardillo, Brunete y Sevilla la Nueva","22, 24, 25, 26, 32, 33, 34, 38, 41","482 MHz, 498 MHz, 506 MHz, 514 MHz, 562 MHz, 570 MHz, 578 MHz, 610 MHz, 634 MHz"
Comunidad de Madrid,Madrid,San Martín de Valdeiglesias,"San Martín de Valdeiglesias, Villa del Prado, Cadalso de los Vidrios, Navas del Rey, Cenicientos, Pelayos de la Presa, Aldea del Fresno, Chapinería y Rozas de Puerto Real","22, 25, 26, 32, 33, 34, 38, 41, 43","482 MHz, 506 MHz, 514 MHz, 562 MHz, 570 MHz, 578 MHz, 610 MHz, 634 MHz, 650 MHz"
Comunidad de Madrid,Madrid,Soto del Real,"Soto del Real, Manzanares el Real, Miraflores de la Sierra, El Boalo, Guadalix de la Sierra, Torrelaguna, La Cabrera, Bustarviejo, Venturada, Navalafuente, Valdemanco y Cabanillas de la Sierra","22, 25, 26, 32, 33, 34, 35, 38, 41","482 MHz, 506 MHz, 514 MHz, 562 MHz, 570 MHz, 578 MHz, 586 MHz, 610 MHz, 634 MHz"
Comunitat Valenciana,Alicante,ALICANTE,"Alicante/Alacant, San Vicente del Raspeig/Sant Vicent del Raspeig, Campello, Sant Joan d'Alacant, Mutxamel y Jijona/Xixona","21, 22, 23, 24, 25, 31, 32, 36, 42","474 MHz, 482 MHz, 490 MHz, 498 MHz, 506 MHz, 554 MHz, 562 MHz, 594 MHz, 642 MHz"
Comunitat Valenciana,Alicante,Alcoy,"Alcoy/Alcoi, Ibi, Cocentaina, Castalla, Muro de Alcoy y Onil","22, 23, 24, 25, 31, 32, 36, 42, 48","482 MHz, 490 MHz, 498 MHz, 506 MHz, 554 MHz, 562 MHz, 594 MHz, 642 MHz, 690 MHz"
Comunitat Valenciana,Alicante,Benidorm,"Benidorm, Villajoyosa/Vila Joiosa , Calpe/Calp, Altea, Alfàs del Pi , Nucia  y Callosa d'En Sarriá","22, 23, 24, 25, 27, 31, 32, 36, 42","482 MHz, 490 MHz, 498 MHz, 506 MHz, 522 MHz, 554 MHz, 562 MHz, 594 MHz, 642 MHz"
Comunitat Valenciana,Alicante,Dénia,"Dénia, Jávea/Xàbia, Teulada, Benissa, Pego, Pedreguer, Ondara, Gata de Gorgos y Benitachell/Poble Nou de Benitatxell","22, 23, 24, 25, 31, 32, 36, 42, 47","482 MHz, 490 MHz, 498 MHz, 506 MHz, 554 MHz, 562 MHz, 594 MHz, 642 MHz, 682 MHz"
Comunitat Valenciana,Alicante,Elche,"Elche/Elx, Crevillent y Santa Pola","22, 23, 24, 25, 31, 32, 36, 42, 43","482 MHz, 490 MHz, 498 MHz, 506 MHz, 554 MHz, 562 MHz, 594 MHz, 642 MHz, 650 MHz"
Comunitat Valenciana,Alicante,Elda,"Elda, Villena, Petrer, Novelda, Aspe, Monóvar/Monòver, Sax, Pinós /Pinoso y Monforte del Cid","22, 23, 24, 25, 30, 31, 32, 36, 42","482 MHz, 490 MHz, 498 MHz, 506 MHz, 546 MHz, 554 MHz, 562 MHz, 594 MHz, 642 MHz"
Comunitat Valenciana,Alicante,Orihuela-Torrevieja,"Torrevieja, Orihuela, Callosa de Segura, Pilar de la Horadada, Almoradí, Guardamar del Segura y Albatera","22, 23, 24, 25, 31, 32, 36, 42, 46","482 MHz, 490 MHz, 498 MHz, 506 MHz, 554 MHz, 562 MHz, 594 MHz, 642 MHz, 674 MHz"
Comunitat Valenciana,Castellón,CASTELLÓN,"Castellón de la Plana/Castelló de la Plana, Vila-real, Burriana, Onda, Almazora/Almassora, Benicasim/Benicàssim, Nules, Alcora , Betxí, Torreblanca, Oropesa del Mar/Orpesa, Borriol y Cabanes","21, 22, 25, 35, 38, 40, 42, 46, 48","474 MHz, 482 MHz, 506 MHz, 586 MHz, 610 MHz, 626 MHz, 642 MHz, 674 MHz, 690 MHz"
Comunitat Valenciana,Castellón,La Vall Uixó-Segorbe,"Vall d'Uixó , Segorbe, Almenara, Altura y Jérica","21, 22, 25, 35, 38, 40, 41, 46, 47, 48","474 MHz, 482 MHz, 506 MHz, 586 MHz, 610 MHz, 626 MHz, 634 MHz, 674 MHz, 682 MHz, 690 MHz"
Comunitat Valenciana,Castellón,Morella,"Morella, Villafranca del Cid/Vilafranca y Benasal","21, 22, 25, 35, 37, 38, 40, 46, 48","474 MHz, 482 MHz, 506 MHz, 586 MHz, 602 MHz, 610 MHz, 626 MHz, 674 MHz, 690 MHz"
Comunitat Valenciana,Castellón,Vinaròs,"Vinaròs, Benicarló, Alcalà de Xivert, Peñíscola, Sant Mateu, Coves de Vinromà, Traiguera, Albocàsser, Sant Jordi/San Jorge, Chert/Xert, Canet lo Roig, Cervera del Maestre y Tírig","21, 22, 25, 35, 38, 40, 44, 46, 48","474 MHz, 482 MHz, 506 MHz, 586 MHz, 610 MHz, 626 MHz, 658 MHz, 674 MHz, 690 MHz"
Comunitat Valenciana,Valencia,VALENCIA,Valencia,"22, 28, 29, 31, 33, 37, 40, 43, 46","482 MHz, 530 MHz, 538 MHz, 554 MHz, 570 MHz, 602 MHz, 626 MHz, 650 MHz, 674 MHz"
Comunitat Valenciana,Valencia,Alzira,"Alzira, Sueca, Algemesí, Cullera, Carcaixent, Carlet, Benifaió, Alginet,
Alcúdia , Almussafes y Sollana","22, 28, 29, 31, 33, 40, 43, 44, 46","482 MHz, 530 MHz, 538 MHz, 554 MHz, 570 MHz, 626 MHz, 650 MHz, 658 MHz, 674 MHz"
Comunitat Valenciana,Valencia,Gandía,"Gandia, Oliva y Tavernes de la Valldigna","22, 26, 28, 29, 31, 33, 40, 43, 46","482 MHz, 514 MHz, 530 MHz, 538 MHz, 554 MHz, 570 MHz, 626 MHz, 650 MHz, 674 MHz"
Comunitat Valenciana,Valencia,Ontinyent-Xàtiva,"Ontinyent, Xàtiva, Canals, Olleria , Albaida, Enguera y Navarrés","22, 28, 29, 31, 33, 40, 43, 45, 46","482 MHz, 530 MHz, 538 MHz, 554 MHz, 570 MHz, 626 MHz, 650 MHz, 666 MHz, 674 MHz"
Comunitat Valenciana,Valencia,Sagunto,"Sagunto/Sagunt, Burjassot, Moncada, Alboraya, Llíria, Bétera, Puçol, Riba-roja de Túria, Eliana , Pobla de Vallbona  y Puig de Santa Maria","21, 22, 25, 35, 36, 38, 40, 46, 48","474 MHz, 482 MHz, 506 MHz, 586 MHz, 594 MHz, 610 MHz, 626 MHz, 674 MHz, 690 MHz"
Comunitat Valenciana,Valencia,Torrent,"Torrent, Paterna, Mislata, Alaquàs, Xirivella, Manises, Quart de Poblet, Aldaia, Catarroja, Paiporta, Alfafar, Picassent, Silla, Benetússer, Albal, Chiva, Picanya, Buñol, Sedaví y Cheste","27, 29, 30, 32, 35, 37, 38, 42, 45","522 MHz, 538 MHz, 546 MHz, 562 MHz, 586 MHz, 602 MHz, 610 MHz, 642 MHz, 666 MHz"
Comunitat Valenciana,Valencia,Utiel-Requena,Requena y Utiel,"22, 28, 29, 31, 33, 38, 40, 43, 46","482 MHz, 530 MHz, 538 MHz, 554 MHz, 570 MHz, 610 MHz, 626 MHz, 650 MHz, 674 MHz"
Extremadura,Badajoz,BADAJOZ,"Badajoz, Montijo, Olivenza, Puebla de la Calzada y Talavera la Real","25, 26, 35, 36, 37, 39, 42, 45, 46","506 MHz, 514 MHz, 586 MHz, 594 MHz, 602 MHz, 618 MHz, 642 MHz, 666 MHz, 674 MHz"
Extremadura,Badajoz,Almendralejo,"Almendralejo, Villafranca de los Barros, Aceuchal, Santa Marta y Solana de los Barros","25, 26, 35, 36, 39, 42, 44, 45, 46","506 MHz, 514 MHz, 586 MHz, 594 MHz, 618 MHz, 642 MHz, 658 MHz, 666 MHz, 674 MHz"
Extremadura,Badajoz,Azuaga,"Azuaga, Llerena, Berlanga, Granja de Torrehermosa, Ahillones y Maguilla","25, 28, 32, 33, 34, 40, 42, 43, 44","506 MHz, 530 MHz, 562 MHz, 570 MHz, 578 MHz, 626 MHz, 642 MHz, 650 MHz, 658 MHz"
Extremadura,Badajoz,Castuera,"Castuera, Quintana de la Serena, Zalamea de la Serena, Monterrubio de la Serena, Valle de la Serena, Higuera de la Serena y Esparragosa de la Serena","23, 25, 26, 35, 36, 39, 42, 45, 46","490 MHz, 506 MHz, 514 MHz, 586 MHz, 594 MHz, 618 MHz, 642 MHz, 666 MHz, 674 MHz"
Extremadura,Badajoz,Don Benito,"Don Benito, Villanueva de la Serena, Guareña, Campanario, Santa Amalia, Orellana la Vieja y Coronada","22, 25, 26, 35, 36, 39, 42, 45, 46","482 MHz, 506 MHz, 514 MHz, 586 MHz, 594 MHz, 618 MHz, 642 MHz, 666 MHz, 674 MHz"
Extremadura,Badajoz,Herrera del Duque,"Herrera del Duque, Fuenlabrada de los Montes, Valdecaballeros y Castilblanco","25, 26, 35, 36, 39, 42, 44, 45, 46","506 MHz, 514 MHz, 586 MHz, 594 MHz, 618 MHz, 642 MHz, 658 MHz, 666 MHz, 674 MHz"
Extremadura,Badajoz,Mérida,"Mérida, Calamonte ,y Arroyo de San Serván","25, 26, 35, 36, 39, 42, 45, 46, 48","506 MHz, 514 MHz, 586 MHz, 594 MHz, 618 MHz, 642 MHz, 666 MHz, 674 MHz, 690 MHz"
Extremadura,Badajoz,Navalvillar de Pela,"Navalvillar de Pela, Talarrubias, Casas de Don Pedro y Puebla de Alcocer","25, 26, 35, 36, 39, 40, 42, 45, 46","506 MHz, 514 MHz, 586 MHz, 594 MHz, 618 MHz, 626 MHz, 642 MHz, 666 MHz, 674 MHz"
Extremadura,Badajoz,Zafra,"Zafra, Jerez de los Caballeros, Santos de Maimona, Fuente del Maestre, Fregenal de la Sierra y Fuente de Cantos","25, 26, 35, 36, 37, 39, 42, 45, 46","506 MHz, 514 MHz, 586 MHz, 594 MHz, 602 MHz, 618 MHz, 642 MHz, 666 MHz, 674 MHz"
Extremadura,Cáceres,CÁCERES,"Cáceres, Arroyo de la Luz, Casar de Cáceres y Malpartida de Cáceres","25, 26, 35, 36, 39, 42, 43, 45, 46","506 MHz, 514 MHz, 586 MHz, 594 MHz, 618 MHz, 642 MHz, 650 MHz, 666 MHz, 674 MHz"
Extremadura,Cáceres,Coria,"Coria, Moraleja, Montehermoso, Torrejoncillo y Vegaviana","25, 26, 33, 36, 40, 44, 45, 46, 48","506 MHz, 514 MHz, 570 MHz, 594 MHz, 626 MHz, 658 MHz, 666 MHz, 674 MHz, 690 MHz"
Extremadura,Cáceres,Jaraiz de la Vega,"Jaraíz de la Vera, Jarandilla de la Vera, Losar de la Vera, Aldeanueva de la Vera, Garganta la Olla y Cuacos de Yuste","22, 25, 26, 35, 36, 39, 42, 45, 46","482 MHz, 506 MHz, 514 MHz, 586 MHz, 594 MHz, 618 MHz, 642 MHz, 666 MHz, 674 MHz"
Extremadura,Cáceres,Miajadas,"Miajadas, Madrigalejo, Almoharín, Campo Lugar y Escurial","25, 26, 35, 36, 39, 42, 43, 45, 46","506 MHz, 514 MHz, 586 MHz, 594 MHz, 618 MHz, 642 MHz, 650 MHz, 666 MHz, 674 MHz"
Extremadura,Cáceres,Navalmoral de la Mata,"Navalmoral de la Mata, Talayuela, Peraleda de la Mata, Almaraz, Casatejada y Majadas","23, 25, 29, 31, 32, 37, 40, 45, 47","490 MHz, 506 MHz, 538 MHz, 554 MHz, 562 MHz, 602 MHz, 626 MHz, 666 MHz, 682 MHz"
Extremadura,Cáceres,Plasencia,Plasencia y Malpartida de Plasencia,"25, 26, 28, 33, 36, 40, 44, 45, 46","506 MHz, 514 MHz, 530 MHz, 570 MHz, 594 MHz, 626 MHz, 658 MHz, 666 MHz, 674 MHz"
Extremadura,Cáceres,Trujillo,"Trujillo, Madroñera, Torrecillas de la Tiesa y Cumbre","25, 26, 30, 35, 36, 39, 42, 45, 46","506 MHz, 514 MHz, 546 MHz, 586 MHz, 594 MHz, 618 MHz, 642 MHz, 666 MHz, 674 MHz"
Extremadura,Cáceres,Valencia de Alcántara,Valencia de Alcántara y San Vicente de Alcántara,"25, 26, 35, 36, 39, 42, 45, 46, 48","506 MHz, 514 MHz, 586 MHz, 594 MHz, 618 MHz, 642 MHz, 666 MHz, 674 MHz, 690 MHz"
Galicia,A Coruña,A CORUÑA,"A Coruña, Oleiros, Arteixo, Culleredo, Cambre, Betanzos, Sada, Bergondo, Abegondo y Carr","22, 25, 28, 30, 31, 35, 38, 42, 45","482 MHz, 506 MHz, 530 MHz, 546 MHz, 554 MHz, 586 MHz, 610 MHz, 642 MHz, 666 MHz"
Galicia,A Coruña,As Pontes de García Rodriguez,"Pontes de García Rodríguez, Pontedeume, Cabanas, Monfero, Capela y Muras","22, 24, 25, 28, 30, 35, 38, 42, 45","482 MHz, 498 MHz, 506 MHz, 530 MHz, 546 MHz, 586 MHz, 610 MHz, 642 MHz, 666 MHz"
Galicia,A Coruña,Carballo,"Carballo, Laracha, Coristanco, Malpica de Bergantiños, Ponteceso, Cabana de Bergantiños y Laxe","22, 25, 28, 30, 35, 37, 38, 42, 45","482 MHz, 506 MHz, 530 MHz, 546 MHz, 586 MHz, 602 MHz, 610 MHz, 642 MHz, 666 MHz"
Galicia,A Coruña,Ferrol,"Ferrol, Narón, Fene, Valdoviño, Neda, Mugardos, Ares y San Sadurniño","22, 25, 28, 30, 34, 35, 38, 42, 45","482 MHz, 506 MHz, 530 MHz, 546 MHz, 578 MHz, 586 MHz, 610 MHz, 642 MHz, 666 MHz"
Galicia,A Coruña,Ribeira,"Ribeira, Boiro, Noia, Rianxo, Porto do Son, Muros, Pobra do Caramiñal, Outes, Carnota y Lousame","24, 27, 31, 37, 39, 43, 45, 46, 48","498 MHz, 522 MHz, 554 MHz, 602 MHz, 618 MHz, 650 MHz, 666 MHz, 674 MHz, 690 MHz"
Galicia,A Coruña,Santiago de Compostela,"Santiago de Compostela, Ames, Teo, Padrón, Brión, Negreira, Rois y Vedra","22, 23, 28, 38, 40, 42, 45, 46, 48","482 MHz, 490 MHz, 530 MHz, 610 MHz, 626 MHz, 642 MHz, 666 MHz, 674 MHz, 690 MHz"
Galicia,A Coruña,Vimianzo,"Vimianzo, Cee, Camariñas, Muxía, Zas, Fisterra, Dumbría y Corcubión","22, 25, 28, 30, 35, 38, 42, 43, 45","482 MHz, 506 MHz, 530 MHz, 546 MHz, 586 MHz, 610 MHz, 642 MHz, 650 MHz, 666 MHz"
Galicia,Lugo,LUGO,"Lugo, Friol, Outeiro de Rei, Corgo y Castroverde","26, 28, 31, 32, 36, 41, 44, 46, 47","514 MHz, 530 MHz, 554 MHz, 562 MHz, 594 MHz, 634 MHz, 658 MHz, 674 MHz, 682 MHz"
Galicia,Lugo,Chantada,"Chantada, Taboada y Carballedo","25, 26, 29, 35, 39, 42, 43, 47, 48","506 MHz, 514 MHz, 538 MHz, 586 MHz, 618 MHz, 642 MHz, 650 MHz, 682 MHz, 690 MHz"
Galicia,Lugo,Monforte de Lemos,"Monforte de Lemos, Saviñao, Pantón, Sober, Pobra do Brollón, Bóveda y Quiroga","25, 26, 30, 35, 39, 42, 43, 47, 48","506 MHz, 514 MHz, 546 MHz, 586 MHz, 618 MHz, 642 MHz, 650 MHz, 682 MHz, 690 MHz"
Galicia,Lugo,Villalba,"Vilalba, Guitiriz, Castro de Rei, Cospeito, Pastoriza, Begonte, Abadín y Xermade","26, 28, 29, 31, 32, 36, 41, 44, 47","514 MHz, 530 MHz, 538 MHz, 554 MHz, 562 MHz, 594 MHz, 634 MHz, 658 MHz, 682 MHz"
Galicia,Lugo,Viveiro,"Viveiro, Foz, Ribadeo, Burela, Cervo, Xove y Barreiros","26, 28, 31, 32, 36, 40, 41, 44, 47","514 MHz, 530 MHz, 554 MHz, 562 MHz, 594 MHz, 626 MHz, 634 MHz, 658 MHz, 682 MHz"
Galicia,Ourense,OURENSE,"Ourense, Barbadás, Pereiro de Aguiar, San Cibrao das Viñas y Coles","23, 25, 26, 35, 39, 42, 43, 47, 48","490 MHz, 506 MHz, 514 MHz, 586 MHz, 618 MHz, 642 MHz, 650 MHz, 682 MHz, 690 MHz"
Galicia,Ourense,O Barco de Valdeorras,"Barco de Valdeorras, Rúa, Vilamartín de Valdeorras, Carballeda de Valdeorras, Rubiá, Veiga, Bolo y Petín","25, 26, 35, 39, 42, 43, 45, 47, 48","506 MHz, 514 MHz, 586 MHz, 618 MHz, 642 MHz, 650 MHz, 666 MHz, 682 MHz, 690 MHz"
Galicia,Ourense,O Carballiño,"Carballiño, Boborás, Maside, San Cristovo de Cea, Irixo, Piñor, Beariz y San Amaro","25, 26, 27, 35, 39, 42, 43, 47, 48","506 MHz, 514 MHz, 522 MHz, 586 MHz, 618 MHz, 642 MHz, 650 MHz, 682 MHz, 690 MHz"
Galicia,Ourense,Verín,"Verín, Monterrei, Vilardevós, Cualedro, Riós, Oímbra, Laza y Castrelo do Val","25, 26, 34, 35, 39, 42, 43, 47, 48","506 MHz, 514 MHz, 578 MHz, 586 MHz, 618 MHz, 642 MHz, 650 MHz, 682 MHz, 690 MHz"
Galicia,Pontevedra,PONTEVEDRA,"Pontevedra, Marín, Poio, Ponte Caldelas, Vilaboa y Cotobade","24, 29, 31, 37, 39, 43, 45, 46, 48","498 MHz, 538 MHz, 554 MHz, 602 MHz, 618 MHz, 650 MHz, 666 MHz, 674 MHz, 690 MHz"
Galicia,Pontevedra,Lalín,Lalín y Silleda,"22, 28, 30, 38, 40, 42, 45, 46, 48","482 MHz, 530 MHz, 546 MHz, 610 MHz, 626 MHz, 642 MHz, 666 MHz, 674 MHz, 690 MHz"
Galicia,Pontevedra,Ponteareas,"Ponteareas, Tui, Salvaterra de Miño, Mondariz y Neves","24, 31, 35, 37, 39, 43, 45, 46, 48","498 MHz, 554 MHz, 586 MHz, 602 MHz, 618 MHz, 650 MHz, 666 MHz, 674 MHz, 690 MHz"
Galicia,Pontevedra,Vigo,"Vigo, Redondela, Cangas, Moaña, Nigrán, Porriño, Mos, Bueu, Gondomar, Baiona, Salceda de Caselas y Soutomaior","24, 31, 34, 37, 39, 43, 45, 46, 48","498 MHz, 554 MHz, 578 MHz, 602 MHz, 618 MHz, 650 MHz, 666 MHz, 674 MHz, 690 MHz"
Galicia,Pontevedra,Vilagarcía de Arousa,"Vilagarcía de Arousa, Estrada, Sanxenxo, Cambados, Grove, Vilanova de Arousa y Caldas de Reis","24, 31, 37, 39, 43, 45, 46, 47, 48","498 MHz, 554 MHz, 602 MHz, 618 MHz, 650 MHz, 666 MHz, 674 MHz, 682 MHz, 690 MHz"
Illes Balears,Baleares,PALMA,"Palma de Mallorca, Calvià, Llucmajor, Marratxí, Andratx y Bunyola","26, 30, 32, 35, 41, 42, 45, 47, 48","514 MHz, 546 MHz, 562 MHz, 586 MHz, 634 MHz, 642 MHz, 666 MHz, 682 MHz, 690 MHz"
Illes Balears,Baleares,MALLORCA,"Palma de Mallorca, Calvià, Llucmajor, Marratxí, Andratx y Bunyola","26, 30, 32, 35, 41, 42, 45, 47, 48","514 MHz, 546 MHz, 562 MHz, 586 MHz, 634 MHz, 642 MHz, 666 MHz, 682 MHz, 690 MHz"
Illes Balears,Baleares,Ibiza-Formentera,"Eivissa, Santa Eulalia del Río, Sant Antoni de Portmany, Sant Josep de sa Talaia, Formentera y Sant Joan de Labritja","26, 27, 30, 32, 34, 35, 38, 45, 46, 48","514 MHz, 522 MHz, 546 MHz, 562 MHz, 578 MHz, 586 MHz, 610 MHz, 666 MHz, 674 MHz, 690 MHz"
Illes Balears,Baleares,Inca,"Inca, Binissalem, Lloseta, Santa María del Camí, Alaró, Algaida, Selva, Sineu, Consell, Montuïri, Sencelles, Campanet, Maria de la Salut, Llubí, Sant Joan, Santa Eugènia, Lloret de Vistalegre, Búger, Costitx y Mancor de la Vall","26, 30, 32, 35, 36, 42, 45, 47, 48","514 MHz, 546 MHz, 562 MHz, 586 MHz, 594 MHz, 642 MHz, 666 MHz, 682 MHz, 690 MHz"
Illes Balears,Baleares,Manacor,"Manacor, Felanitx, Son Servera, Santanyí, Capdepera, Campos, Sant Llorenç des Cardassar, Artà, Porreres, Salines, Petra, Vilafranca de Bonany y Ariany","26, 29, 30, 32, 35, 42, 45, 47, 48","514 MHz, 538 MHz, 546 MHz, 562 MHz, 586 MHz, 642 MHz, 666 MHz, 682 MHz, 690 MHz"
Illes Balears,Baleares,Menorca,"Maó, Ciutadella de Menorca, Alaior, Castell, Sant Lluís, Ferreries, Mercadal y Migjorn Gran","21, 24, 26, 28, 31, 35, 38, 39, 40, 47","474 MHz, 498 MHz, 514 MHz, 530 MHz, 554 MHz, 586 MHz, 610 MHz, 618 MHz, 626 MHz, 682 MHz"
Illes Balears,Baleares,Pollença,"Pollença, Alcúdia, Pobla, Santa Margalida, Muro y Escorca","26, 30, 32, 35, 42, 45, 46, 47, 48","514 MHz, 546 MHz, 562 MHz, 586 MHz, 642 MHz, 666 MHz, 674 MHz, 682 MHz, 690 MHz"
Illes Balears,Baleares,Sóller,"Sóller esporles, Valldemossa, Puigpunyent, Deyá, Fornalutx, Banyalbufar y Estellencs","26, 30, 32, 35, 42, 43, 45, 47, 48","514 MHz, 546 MHz, 562 MHz, 586 MHz, 642 MHz, 650 MHz, 666 MHz, 682 MHz, 690 MHz"
Islas Canarias,Las Palmas,LAS PALMAS DE GRAN CANARIA,"Las Palmas de Gran Canaria. Arucas, Gáldar, Santa Brígida, Santa María de Guía de Gran Canaria, Teror, Moya, Vega de San Mateo, Firgas, Agaete y Valleseco","22, 25, 28, 31, 32, 35, 36, 38, 44","482 MHz, 506 MHz, 530 MHz, 554 MHz, 562 MHz, 586 MHz, 594 MHz, 610 MHz, 658 MHz"
Islas Canarias,Las Palmas,GRAN CANARIA,"Las Palmas de Gran Canaria. Arucas, Gáldar, Santa Brígida, Santa María de Guía de Gran Canaria, Teror, Moya, Vega de San Mateo, Firgas, Agaete y Valleseco","22, 25, 28, 31, 32, 35, 36, 38, 44","482 MHz, 506 MHz, 530 MHz, 554 MHz, 562 MHz, 586 MHz, 594 MHz, 610 MHz, 658 MHz"
Islas Canarias,Las Palmas,Fuerteventura,"Puerto del Rosario, Pájara, Oliva, Tuineje, Antigua y Betancuria","25, 28, 30, 31, 32, 34, 35, 36, 37, 43","506 MHz, 530 MHz, 546 MHz, 554 MHz, 562 MHz, 578 MHz, 586 MHz, 594 MHz, 602 MHz, 650 MHz"
Islas Canarias,Las Palmas,Lanzarote,"Arrecife, San Bartolomé, Tías, Teguise, Yaiza, Tinajo y Haría","21, 25, 26, 28, 30, 31, 32, 34, 35, 36","474 MHz, 506 MHz, 514 MHz, 530 MHz, 546 MHz, 554 MHz, 562 MHz, 578 MHz, 586 MHz, 594 MHz"
Islas Canarias,Las Palmas,Mogán,"Mogán, Aldea de San Nicolás, Tejeda y Artenara","22, 25, 28, 31, 32, 35, 36, 38, 46","482 MHz, 506 MHz, 530 MHz, 554 MHz, 562 MHz, 586 MHz, 594 MHz, 610 MHz, 674 MHz"
Islas Canarias,Las Palmas,Telde,"Telde, Santa Lucía de Tirajana, San Bartolomé de Tirajana, Ingenio, Agüimes y Valsequillo de Gran Canaria","22, 25, 28, 31, 32, 35, 36, 38, 40","482 MHz, 506 MHz, 530 MHz, 554 MHz, 562 MHz, 586 MHz, 594 MHz, 610 MHz, 626 MHz"
Islas Canarias,Santa Cruz de Tenerife,SANTA CRUZ DE TENERIFE,"Santa Cruz de Tenerife, San Cristóbal de La Laguna, Güímar, Candelaria, Rosario, Tegueste y Arafo","23, 24, 26, 29, 34, 39, 40, 42, 45","490 MHz, 498 MHz, 514 MHz, 538 MHz, 578 MHz, 618 MHz, 626 MHz, 642 MHz, 666 MHz"
Islas Canarias,Santa Cruz de Tenerife,TENERIFE,"Santa Cruz de Tenerife, San Cristóbal de La Laguna, Güímar, Candelaria, Rosario, Tegueste y Arafo","23, 24, 26, 29, 34, 39, 40, 42, 45","490 MHz, 498 MHz, 514 MHz, 538 MHz, 578 MHz, 618 MHz, 626 MHz, 642 MHz, 666 MHz"
Islas Canarias,Santa Cruz de Tenerife,Arona,"Arona, Granadilla de Abona, Adeje, Guía de Isora, Santiago del Teide, San Miguel de Abona, Arico, Fasnia y Vilaflor","23, 26, 29, 34, 38, 39, 40, 42, 45","490 MHz, 514 MHz, 538 MHz, 578 MHz, 610 MHz, 618 MHz, 626 MHz, 642 MHz, 666 MHz"
Islas Canarias,Santa Cruz de Tenerife,El Hierro,"Valverde, Frontera y Pinar de El Hierro","23, 26, 29, 31, 32, 34, 39, 40, 42, 45","490 MHz, 514 MHz, 538 MHz, 554 MHz, 562 MHz, 578 MHz, 618 MHz, 626 MHz, 642 MHz, 666 MHz"
Islas Canarias,Santa Cruz de Tenerife,La Gomera,"San Sebastián de la Gomera, Valle Gran Rey, Vallehermoso, Hermigua, Alajeró y Agulo","21, 23, 26, 29, 30, 34, 39, 40, 42, 45","474 MHz, 490 MHz, 514 MHz, 538 MHz, 546 MHz, 578 MHz, 618 MHz, 626 MHz, 642 MHz, 666 MHz"
Islas Canarias,Santa Cruz de Tenerife,La Orotava,"Orotava, Realejos, Puerto de la Cruz, Icod de los Vinos, Tacoronte, Santa Úrsula, Sauzal, Victoria de Acentejo, Matanza de Acentejo, Garachico, Silos, Buenavista del Norte, Guancha, San Juan de la Rambla y Tanque","23, 26, 29, 30, 34, 39, 40, 42, 45","490 MHz, 514 MHz, 538 MHz, 546 MHz, 578 MHz, 618 MHz, 626 MHz, 642 MHz, 666 MHz"
Islas Canarias,Santa Cruz de Tenerife,La Palma,"Llanos de Aridane, Santa Cruz de la Palma, Paso, Breña Alta, Tazacorte, San Andrés y Sauces, Villa de Mazo, Breña Baja, Tijarafe, Barlovento, Puntallana, Garafía, Fuencaliente de la Palma y Puntagorda","23, 26, 27, 28, 29, 33, 41, 43, 46, 48","490 MHz, 514 MHz, 522 MHz, 530 MHz, 538 MHz, 570 MHz, 634 MHz, 650 MHz, 674 MHz, 690 MHz"
La Rioja,La Rioja,LOGROÑO,"Logroño, Lardero, Villamediana de Iregua, Albelda de Iregua y Alberite","25, 28, 32, 34, 40, 42, 44, 46, 48","506 MHz, 530 MHz, 562 MHz, 578 MHz, 626 MHz, 642 MHz, 658 MHz, 674 MHz, 690 MHz"
La Rioja,La Rioja,Calahorra,"Calahorra, Arnedo, Alfaro, Autol, Pradejón, Rincón de Soto, Aldeanueva de Ebro y Quel","21, 22, 23, 26, 29, 32, 34, 37, 47","474 MHz, 482 MHz, 490 MHz, 514 MHz, 538 MHz, 562 MHz, 578 MHz, 602 MHz, 682 MHz"
La Rioja,La Rioja,Haro,"Haro, Nájera, Santo Domingo de la Calzada, Ezcaray, San Asensio y San Vicente de la Sonsierra","25, 26, 28, 32, 34, 40, 44, 46, 48","506 MHz, 514 MHz, 530 MHz, 562 MHz, 578 MHz, 626 MHz, 658 MHz, 674 MHz, 690 MHz"
Navarra,Navarra,PAMPLONA,"Pamplona/Iruña, Barañain, Burlada/Burlata, Zizur Mayor/Zizur Nagusia, Villava/Atarrabia, Ansoáin, Berriozar, Aranguren, Noáin (Valle de Elorz)/Noain (Elortzibar), Egüés, Huarte/Uharte y Beriáin","21, 23, 26, 29, 32, 34, 37, 39, 47","474 MHz, 490 MHz, 514 MHz, 538 MHz, 562 MHz, 578 MHz, 602 MHz, 618 MHz, 682 MHz"
Navarra,Navarra,Estella,"Estella-Lizarra, Ayegui, Villatuerta, Allín, Abárzuza, Cirauqui, Igúzquiza y Metauten","21, 23, 24, 26, 29, 32, 34, 37, 47","474 MHz, 490 MHz, 498 MHz, 514 MHz, 538 MHz, 562 MHz, 578 MHz, 602 MHz, 682 MHz"
Navarra,Navarra,Sangüesa,"Sangüesa/Zangoza, Lumbier, Cáseda, Aibar/Oibar, Liédena yesa y Ibargoiti","21, 23, 26, 29, 32, 34, 37, 41, 47","474 MHz, 490 MHz, 514 MHz, 538 MHz, 562 MHz, 578 MHz, 602 MHz, 634 MHz, 682 MHz"
Navarra,Navarra,Tafalla,"Tafalla, Olite, Larraga, Artajona, Miranda de Arga, Berbinzana, Pitillas, San Martín de Unx, Garínoain, Pueyo, Beire, Olóriz, Orísoain, Peralta y Falces","21, 23, 26, 29, 31, 32, 34, 37, 47","474 MHz, 490 MHz, 514 MHz, 538 MHz, 554 MHz, 562 MHz, 578 MHz, 602 MHz, 682 MHz"
Navarra,Navarra,Tudela,"Tudela, Corella, Cintruénigo, Cascante, Ribaforada, Castejón, Cortes y Murchante","21, 25, 32, 34, 36, 38, 39, 43, 47","474 MHz, 506 MHz, 562 MHz, 578 MHz, 594 MHz, 610 MHz, 618 MHz, 650 MHz, 682 MHz"
País Vasco / Euskadi,Álava,VITORIA-GASTEIZ,Vitoria-Gasteiz,"21, 22, 27, 30, 33, 36, 42, 43, 45","474 MHz, 482 MHz, 522 MHz, 546 MHz, 570 MHz, 594 MHz, 642 MHz, 650 MHz, 666 MHz"
País Vasco / Euskadi,Álava,Llodio,Laudio/Llodio y Amurrio,"21, 22, 27, 30, 33, 36, 41, 43, 45","474 MHz, 482 MHz, 522 MHz, 546 MHz, 570 MHz, 594 MHz, 634 MHz, 650 MHz, 666 MHz"
País Vasco / Euskadi,Guipúzcoa,SAN SEBASTIÁN-DONOSTIA,"Donostia/San Sebastián, Hernani, Lasarte-Oria, Andoain, Urnieta, Usurbil y Astigarraga","22, 23, 28, 31, 32, 40, 41, 44, 48","482 MHz, 490 MHz, 530 MHz, 554 MHz, 562 MHz, 626 MHz, 634 MHz, 658 MHz, 690 MHz"
País Vasco / Euskadi,Guipúzcoa,Beasain,"Beasain, Zumarraga, Ordizia, Legazpi, Urretxu, Ataun, Ormaiztegi, Ezkio-Itsaso y Mutiloa","22, 28, 31, 32, 33, 40, 41, 44, 48","482 MHz, 530 MHz, 554 MHz, 562 MHz, 570 MHz, 626 MHz, 634 MHz, 658 MHz, 690 MHz"
País Vasco / Euskadi,Guipúzcoa,Eibar,"Eibar, Ermua, Elgoibar y Soraluze/Placencia de las Armas","21, 22, 26, 27, 28, 34, 35, 36, 38","474 MHz, 482 MHz, 514 MHz, 522 MHz, 530 MHz, 578 MHz, 586 MHz, 594 MHz, 610 MHz"
País Vasco / Euskadi,Guipúzcoa,Irún,"Irun, Errenteria, Pasaia, Hondarribia, Oiartzun y Lezo","22, 28, 29, 31, 32, 40, 41, 44, 48","482 MHz, 530 MHz, 538 MHz, 554 MHz, 562 MHz, 626 MHz, 634 MHz, 658 MHz, 690 MHz"
País Vasco / Euskadi,Guipúzcoa,Mondragón,"Arrasate/Mondragón, Bergara, Oñati, Aretxabaleta, Eskoriatza, Antzuola, Aramaio, Elgeta y Leintz-Gatzaga","21, 22, 25, 26, 27, 28, 35, 36, 38","474 MHz, 482 MHz, 506 MHz, 514 MHz, 522 MHz, 530 MHz, 586 MHz, 594 MHz, 610 MHz"
País Vasco / Euskadi,Guipúzcoa,Tolosa,"Tolosa, Villabona, Anoeta e Itsasondo","22, 24, 28, 31, 32, 40, 41, 44, 48","482 MHz, 498 MHz, 530 MHz, 554 MHz, 562 MHz, 626 MHz, 634 MHz, 658 MHz, 690 MHz"
País Vasco / Euskadi,Guipúzcoa,Zarautz,"Zarautz, Azpeitia, Azkoitia, Zumaia y Orio","22, 28, 31, 32, 35, 40, 41, 44, 48","482 MHz, 530 MHz, 554 MHz, 562 MHz, 586 MHz, 626 MHz, 634 MHz, 658 MHz, 690 MHz"
País Vasco / Euskadi,Vizcaya,BILBAO,"Bilbao, Basauri, Galdakao, Arrigorriaga y Etxebarri","21, 22, 23, 26, 27, 28, 35, 36, 38","474 MHz, 482 MHz, 490 MHz, 514 MHz, 522 MHz, 530 MHz, 586 MHz, 594 MHz, 610 MHz"
País Vasco / Euskadi,Vizcaya,Barakaldo,"Barakaldo, Portugalete, Santurtzi, Sestao, Valle de Trápaga-Trapagaran, Abanto y Ciérvana-Abanto Zierbena, Ortuella, Muskiz y Zierbena","21, 22, 26, 27, 28, 31, 35, 36, 38","474 MHz, 482 MHz, 514 MHz, 522 MHz, 530 MHz, 554 MHz, 586 MHz, 594 MHz, 610 MHz"
País Vasco / Euskadi,Vizcaya,Bermeo,"Bermeo, Gernika-Lumo, Ondarroa, Lekeitio, Markina-Xemein y Ziortza-Bolibar","21, 22, 26, 27, 28, 35, 36, 37, 38","474 MHz, 482 MHz, 514 MHz, 522 MHz, 530 MHz, 586 MHz, 594 MHz, 602 MHz, 610 MHz"
País Vasco / Euskadi,Vizcaya,Durango,"Durango, Amorebieta-Etxano, Elorrio, Abadiño y Berriz","21, 22, 26, 27, 28, 35, 36, 38, 46","474 MHz, 482 MHz, 514 MHz, 522 MHz, 530 MHz, 586 MHz, 594 MHz, 610 MHz, 674 MHz"
País Vasco / Euskadi,Vizcaya,Getxo,"Getxo, Leioa, Erandio, Sopelana, Berango, Plentzia, Urduliz, Barrika y Lemoiz","21, 22, 26, 27, 28, 35, 36, 38, 48","474 MHz, 482 MHz, 514 MHz, 522 MHz, 530 MHz, 586 MHz, 594 MHz, 610 MHz, 690 MHz"
País Vasco / Euskadi,Vizcaya,Mungia,"Mungia, Derio, Sondika, Zamudio, Lezama, Loiu, Bakio, Larrabetzu, Gatika, Gamiz-Fika, Laukiz, Maruri-Jatabe, Meñaka, Arrieta y Fruiz","21, 22, 26, 27, 28, 34, 35, 36, 38","474 MHz, 482 MHz, 514 MHz, 522 MHz, 530 MHz, 578 MHz, 586 MHz, 594 MHz, 610 MHz"
Región de Murcia,Murcia,MURCIA,"Murcia, Alcantarilla, Santomera, Beniel, Fortuna, Abanilla y Librilla","26, 29, 35, 36, 38, 39, 42, 44, 45","514 MHz, 538 MHz, 586 MHz, 594 MHz, 610 MHz, 618 MHz, 642 MHz, 658 MHz, 666 MHz"
Región de Murcia,Murcia,Caravaca de la Cruz,"Caravaca de la Cruz, Cehegín, Bullas, Calasparra y Moratalla","29, 33, 34, 35, 38, 41, 42, 44, 47","538 MHz, 570 MHz, 578 MHz, 586 MHz, 610 MHz, 634 MHz, 642 MHz, 658 MHz, 682 MHz"
Región de Murcia,Murcia,Cartagena,"Cartagena, La Unión y Fuente Álamo de Murcia","29, 35, 36, 38, 39, 42, 44, 45, 47","538 MHz, 586 MHz, 594 MHz, 610 MHz, 618 MHz, 642 MHz, 658 MHz, 666 MHz, 682 MHz"
Región de Murcia,Murcia,Cieza,"Cieza, Mula, Abarán, Blanca y Pliego","29, 31, 33, 34, 35, 38, 41, 42, 44","538 MHz, 554 MHz, 570 MHz, 578 MHz, 586 MHz, 610 MHz, 634 MHz, 642 MHz, 658 MHz"
Región de Murcia,Murcia,Lorca,"Lorca, Águilas, Totana, Mazarrón, Alhama de Murcia, Puerto Lumbreras y Aledo","29, 35, 36, 37, 38, 39, 42, 44, 45","538 MHz, 586 MHz, 594 MHz, 602 MHz, 610 MHz, 618 MHz, 642 MHz, 658 MHz, 666 MHz"
Región de Murcia,Murcia,Molina de Segura,"Molina de Segura, Las Torres de Cotillas, Archena, Ceutí, Alguazas, Lorquí, Campos del Río, Villanueva del Río Segura, Ricote, Albudeite, Ulea y Ojós","29, 35, 36, 38, 39, 42, 44, 45, 48","538 MHz, 586 MHz, 594 MHz, 610 MHz, 618 MHz, 642 MHz, 658 MHz, 666 MHz, 690 MHz"
Región de Murcia,Murcia,Torre-Pacheco,"Torre-Pacheco, San Javier, San Pedro del Pinatar y Los Alcázares","29, 35, 36, 38, 39, 40, 42, 44, 45","538 MHz, 586 MHz, 594 MHz, 610 MHz, 618 MHz, 626 MHz, 642 MHz, 658 MHz, 666 MHz"
Región de Murcia,Murcia,Yecla,Yecla y Jumilla,"28, 29, 33, 34, 35, 38, 41, 42, 44","530 MHz, 538 MHz, 570 MHz, 578 MHz, 586 MHz, 610 MHz, 634 MHz, 642 MHz, 658 MHz"
Ceuta y Melilla,Ceuta,,Ceuta,"21, 25, 27, 28, 32, 37, 43, 45","474 MHz, 506 MHz, 522 MHz, 530 MHz, 562 MHz, 602 MHz, 650 MHz, 666 MHz"
Ceuta y Melilla,Melilla,,Melilla,"21, 24, 27, 36, 38, 41, 43, 45","474 MHz, 498 MHz, 522 MHz, 594 MHz, 610 MHz, 634 MHz, 650 MHz, 666 MHz"

Canal UHF,Frecuencia central (MHz),Rango (MHz)
21,474 MHz,470 - 478 MHz
22,482 MHz,478 - 486 MHz
23,490 MHz,486 - 494 MHz
24,498 MHz,494 - 502 MHz
25,506 MHz,502 - 510 MHz
26,514 MHz,510 - 518 MHz
27,522 MHz,518 - 526 MHz
28,530 MHz,526 - 534 MHz
29,538 MHz,534 - 542 MHz
30,546 MHz,542 - 550 MHz
31,554 MHz,550 - 558 MHz
32,562 MHz,558 - 566 MHz
33,570 MHz,566 - 574 MHz
34,578 MHz,574 - 582 MHz
35,586 MHz,582 - 590 MHz
36,594 MHz,590 - 598 MHz
37,602 MHz,598 - 606 MHz
38,610 MHz,606 - 614 MHz
39,618 MHz,614 - 622 MHz
40,626 MHz,622 - 630 MHz
41,634 MHz,630 - 638 MHz
42,642 MHz,638 - 646 MHz
43,650 MHz,646 - 654 MHz
44,658 MHz,654 - 662 MHz
45,666 MHz,662 - 670 MHz
46,674 MHz,670 - 678 MHz
47,682 MHz,678 - 686 MHz
48,690 MHz,686 - 694 MHz